contents,Es_keV,y_m,PrReach,uPrReach,PrDet,uPrDet
f,20,-15,0,0,0,0
f,20,-12.5,0,0,0,0
f,20,-10,0,0,0,0
f,20,-7.5,0,0,0,0
f,20,-5,0,0,0,0
f,20,-2.5,0,0,0,0
f,20,-2,0,0,0,0
f,20,-1.5,0,0,0,0
f,20,-1,0,0,0,0
f,20,-0.5,0,0,0,0
f,20,0,0,0,0,0
f,42.5,-15,0,0,0,0
f,42.5,-12.5,0,0,0,0
f,42.5,-10,0,0,0,0
f,42.5,-7.5,0,0,0,0
f,42.5,-5,0,0,0,0
f,42.5,-2.5,0,0,0,0
f,42.5,-2,0,0,0,0
f,42.5,-1.5,1e-8,1e-8,5e-9,5e-9
f,42.5,-1,1e-8,1e-8,5e-9,5e-9
f,42.5,-0.5,2e-8,1.0000646029132318e-8,1.5e-8,8.660999999999999e-9
f,42.5,0,3.4999999999999996e-8,1.322973325505847e-8,3e-8,1.2247937050785327e-8
f,65,-15,6e-10,3.4641016151377545e-10,6e-10,3.4641016151377545e-10
f,65,-12.5,9.999995e-10,4.0824678130207455e-10,5e-10,2.8867328899077914e-10
f,65,-10,1.1666665e-9,4.40973559296931e-10,6.666665000000001e-10,3.3333165166093047e-10
f,65,-7.5,1.5000000000000002e-9,8.660198669776577e-10,1e-9,7.071067811865476e-10
f,65,-5,2.5e-9,1.1180254111602293e-9,2e-9,1e-9
f,65,-2.5,6.500000000000001e-8,2.1795171988309704e-8,3.4999999999999996e-8,1.3229244914204288e-8
f,65,-2,1.9e-7,3.391249569480253e-8,1.3e-7,2.5496584947792522e-8
f,65,-1.5,6.3e-7,6.082415061881259e-8,4.5000000000000003e-7,4.743655874955518e-8
f,65,-1,1.815e-6,1.018588910699503e-7,1.31e-6,8.093605274381745e-8
f,65,-0.5,3.2149999999999997e-6,1.3444025669791024e-7,2.25e-6,1.0607740739313909e-7
f,65,0,4.12e-6,1.5184166363024345e-7,2.865e-6,1.1969437461614478e-7
f,87.5,-15,4.8e-9,1.0954673238394655e-9,3.0000000000000004e-9,7.745927074275873e-10
f,87.5,-12.5,5.999998e-9,1.10559790068068e-9,4.333335e-9,8.498366293749058e-10
f,87.5,-10,8.666671500000002e-9,1.3540030856880305e-9,5.166666e-9,9.279692135279496e-10
f,87.5,-7.5,1.8499999999999997e-8,3.3540373022672244e-9,1.15e-8,2.3977887229695618e-9
f,87.5,-5,1.7000000000000003e-8,3.082238392791836e-9,1.05e-8,2.2913516644112052e-9
f,87.5,-2.5,3.45e-7,4.4441266597049185e-8,2.15e-7,3.278936286358733e-8
f,87.5,-2,1.1250000000000002e-6,7.921581828302981e-8,7.55e-7,6.143875251012182e-8
f,87.5,-1.5,3.975e-6,1.4990709224633103e-7,2.685e-6,1.1585989625513221e-7
f,87.5,-1,1.0465e-5,2.439847793295721e-7,7.2100000000000004e-6,1.8985304764870117e-7
f,87.5,-0.5,1.8589999999999997e-5,3.2443853335300663e-7,1.3004999999999998e-5,2.5510847137051325e-7
f,87.5,0,2.2404999999999996e-5,3.551908013948278e-7,1.556e-5,2.790406135085895e-7
f,110,-15,1.3e-8,1.7550219592928175e-9,9e-9,1.3416750724374364e-9
f,110,-12.5,1.61666665e-8,1.7560264017861804e-9,1.0999998e-8,1.3540291524853428e-9
f,110,-10,2.45e-8,2.153844247167068e-9,1.7666662e-8,1.7158848205171581e-9
f,110,-7.5,3.75e-8,4.499854203193699e-9,2.7e-8,3.674120678475327e-9
f,110,-5,4.4e-8,4.9996482481270626e-9,3.05e-8,3.90517587728133e-9
f,110,-2.5,1.07e-6,8.123947593688675e-8,6.3e-7,5.6124653014517595e-8
f,110,-2,3.5050000000000003e-6,1.4272944226315045e-7,2.2349999999999998e-6,1.057116318032221e-7
f,110,-1.5,1.0779999999999998e-5,2.482921819127618e-7,7.175e-6,1.8941485403869467e-7
f,110,-1,2.8130000000000007e-5,3.973226243300273e-7,1.896e-5,3.0829681300817885e-7
f,110,-0.5,4.761e-5,5.148475169708018e-7,3.2325000000000006e-5,4.0288964927415304e-7
f,110,0,5.7085000000000007e-5,5.626101382958273e-7,3.881500000000001e-5,4.41357642542587e-7
f,132.5,-15,2.1799999999999997e-8,2.236005835233889e-9,1.4799999999999999e-8,1.7205251906322093e-9
f,132.5,-12.5,3.1499993e-8,2.52223977913559e-9,2.0666667000000002e-8,1.8559668078444147e-9
f,132.5,-10,5.1833297999999994e-8,3.14908747266494e-9,3.53333195e-8,2.4266473761618166e-9
f,132.5,-7.5,7.450000000000001e-8,6.614383535145207e-9,5.2e-8,5.099099400139205e-9
f,132.5,-5,1.2400000000000003e-7,8.366788087581758e-9,8.299999999999999e-8,6.442177502405533e-9
f,132.5,-2.5,2.185e-6,1.116910910189349e-7,1.3750000000000002e-6,8.321676329622535e-8
f,132.5,-2,6.625e-6,1.9252234195022665e-7,4.2850000000000005e-6,1.4688799096930967e-7
f,132.5,-1.5,2.0209999999999998e-5,3.345698434273478e-7,1.3470000000000003e-5,2.6007360621995077e-7
f,132.5,-1,5.0610000000000005e-5,5.276727618152656e-7,3.413999999999999e-5,4.138528714676268e-7
f,132.5,-0.5,8.6915e-5,6.905421421019502e-7,5.88e-5,5.432215627768747e-7
f,132.5,0,1.0287e-4,7.516527294023484e-7,6.983000000000001e-5,5.916635542958515e-7
f,140,-15,2.4999999999999996e-8,2.4248443791715784e-9,1.5599999999999997e-8,1.7663972884942959e-9
f,140,-12.5,4.166670150000001e-8,2.8185295299561122e-9,2.8666663499999998e-8,2.185943191815038e-9
f,140,-10,6.116665149999999e-8,3.34575307950822e-9,4.266668199999999e-8,2.666758272329324e-9
f,140,-7.5,9.949999999999998e-8,7.466214768040095e-9,6.549999999999998e-8,5.7228578612438036e-9
f,140,-5,1.4550000000000003e-7,9.15111255667856e-9,1.0000000000000001e-7,7.07140695724691e-9
f,140,-2.5,2.5549999999999997e-6,1.2196465841279597e-7,1.5849999999999996e-6,8.930249481677429e-8
f,140,-2,7.765e-6,2.0847490629629744e-7,5.035e-6,1.5945792688747085e-7
f,140,-1.5,2.4234999999999998e-5,3.654101223163502e-7,1.6014999999999998e-5,2.837757776132417e-7
f,140,-1,6.0855000000000006e-5,5.78178612768148e-7,4.095e-5,4.531738878294953e-7
f,140,-0.5,1.0367500000000001e-4,7.53231451300329e-7,7.027499999999999e-5,5.93705701754034e-7
f,140,0,1.2305e-4,8.211106315985988e-7,8.3675e-5,6.474752523098857e-7
f,155,-15,3.3399999999999995e-8,2.807093413408253e-9,2.2799999999999996e-8,2.1353674634591586e-9
f,155,-12.5,5.383337999999999e-8,3.166543285238592e-9,3.6666647999999994e-8,2.472074306015324e-9
f,155,-10,7.0333323e-8,3.6210390388609177e-9,5.016666699999999e-8,2.891657725374066e-9
f,155,-7.5,1.2350000000000001e-7,8.261470807459167e-9,8.1e-8,6.3640045885040024e-9
f,155,-5,2.12e-7,1.0931893437323655e-8,1.42e-7,8.426168188447224e-9
f,155,-2.5,3.585e-6,1.4345211795578344e-7,2.2549999999999996e-6,1.0734770011975103e-7
f,155,-2,1.1049999999999998e-5,2.490595035960282e-7,7.1150000000000005e-6,1.8955130524280225e-7
f,155,-1.5,3.3320000000000006e-5,4.289572420524568e-7,2.1944999999999997e-5,3.3236190973094373e-7
f,155,-1,8.162e-5,6.686925428537767e-7,5.4625e-5,5.237687397523358e-7
f,155,-0.5,1.3753000000000002e-4,8.646561648010729e-7,9.2635e-5,6.820462046987726e-7
f,155,0,1.63605e-4,9.424390581968682e-7,1.10575e-4,7.444952548878333e-7
f,177.5,-15,4.8399999999999997e-8,3.3107985234985226e-9,3.2599999999999994e-8,2.553479794398225e-9
f,177.5,-12.5,7.88333615e-8,3.88388176521918e-9,5.2000022999999987e-8,2.9440346779762315e-9
f,177.5,-10,1.1399988950000001e-7,4.594528504387752e-9,7.950001649999998e-8,3.640153044723005e-9
f,177.5,-7.5,1.675e-7,9.500030964423222e-9,1.19e-7,7.713582276899624e-9
f,177.5,-5,2.67e-7,1.2186039692820635e-8,1.8099999999999997e-7,9.512700135082572e-9
f,177.5,-2.5,5.390000000000001e-6,1.7550468455998547e-7,3.355e-6,1.3124981313224794e-7
f,177.5,-2,1.6605e-5,3.04682879371733e-7,1.0585000000000001e-5,2.3154254636567335e-7
f,177.5,-1.5,5.0245000000000004e-5,5.25094774777611e-7,3.295499999999999e-5,4.0726847177783113e-7
f,177.5,-1,1.1867000000000001e-4,8.040592325388722e-7,7.9155e-5,6.307105422220245e-7
f,177.5,-0.5,1.9533499999999999e-4,1.0275672461981503e-6,1.3121999999999995e-4,8.120273529795657e-7
f,177.5,0,2.3057000000000004e-4,1.115787019502938e-6,1.5486999999999999e-4,8.823876815963604e-7
f,200,-15,6.38e-8,3.789612579512581e-9,4.279999999999999e-8,2.9258168017837347e-9
f,200,-12.5,9.966668150000001e-8,4.275110099229916e-9,6.7833295e-8,3.370594122035136e-9
f,200,-10,1.5249996799999999e-7,5.225275605716411e-9,1.05000013e-7,4.190200281171504e-9
f,200,-7.5,2.22e-7,1.1090551662338534e-8,1.5550000000000004e-7,8.817533036087816e-9
f,200,-5,3.8149999999999997e-7,1.441228004090609e-8,2.57e-7,1.1422735352467026e-8
f,200,-2.5,7.670000000000001e-6,2.0517092328288139e-7,4.784999999999998e-6,1.5580802256142012e-7
f,200,0,3.0546e-4,1.2816664661584151e-6,2.0438500000000007e-4,1.0136818372065763e-6
f,250,-15,1.1380000000000001e-7,5.055236457140258e-9,7.599999999999999e-8,3.898585292641422e-9
f,250,-12.5,1.7383334799999998e-7,5.6446956494285075e-09,1.14500013e-7,4.3875974389628605e-9
f,250,-10,2.6416670099999996e-7,6.969409646342464e-9,1.8116663300000002e-7,5.515543727350529e-9
f,250,-7.5,4.405e-7,1.532013314449323e-8,2.944999999999999e-7,1.2176531402866745e-8
f,250,-5,7.68e-7,2.0405974564572992e-8,4.970000000000001e-7,1.5860090803806897e-8
f,250,-2.5,1.3660000000000005e-5,2.7341799403020276e-7,8.370000000000001e-6,2.0614748335233201e-7
f,250,-2,4.0390000000000005e-5,4.6781610603954196e-7,2.587e-5,3.616387268314194e-7
f,250,-1.5,1.1595999999999998e-4,7.891117389650847e-7,7.57e-5,6.187390817576098e-7
f,250,-1,2.6022499999999994e-4,1.1798466581322125e-6,1.7178500000000004e-4,9.307066543762596e-7
f,250,-0.5,4.2174000000000004e-4,1.499233030766732e-6,2.80715e-4,1.189142426025264e-6
f,250,0,4.9203e-4,1.618488587359979e-6,3.2797500000000004e-4,1.2847172695642027e-6
f,300,-15,1.552e-7,5.8378620405418975e-9,1.0200000000000001e-7,4.552171851281539e-9
f,300,-12.5,2.6099995850000003e-7,6.888113356094607e-9,1.72499945e-7,5.372462960502464e-9
f,300,-10,4.165000445000001e-7,8.616294068500638e-9,2.7749997799999996e-7,6.833836794238852e-9
f,300,-7.5,7.170000000000001e-7,1.9520031224360273e-8,4.800000000000002e-7,1.5572007035864067e-8
f,300,-5,1.2660000000000005e-6,2.6048016816400826e-8,8.270000000000003e-7,2.0454283985084885e-8
f,300,-2.5,2.1424999999999996e-5,3.410301820425869e-7,1.3485e-5,2.618072389048859e-7
f,300,-2,6.299999999999997e-5,5.815147631288048e-7,4.041499999999999e-5,4.5275609877394255e-7
f,300,-1.5,1.7343000000000008e-4,9.608985238224953e-7,1.1277999999999996e-4,7.552355319310989e-7
f,300,-1,3.8182000000000016e-4,1.4239033932973649e-6,2.5091499999999994e-4,1.1249263584537434e-6
f,300,-0.5,6.10045e-4,1.797303137487594e-6,4.040149999999999e-4,1.4278949679728724e-6
f,300,0,7.095650000000001e-4,1.9386007657058996e-6,4.7124e-4,1.54061203947084e-6
f,350,-15,2.2239999999999998e-7,6.984782326858869e-9,1.4439999999999997e-7,5.388587083308575e-9
f,350,-12.5,3.4966665800000014e-7,7.894401699437744e-9,2.333333139999999e-7,6.267560680875637e-9
f,350,-10,5.620000779999999e-7,1.0016764248302898e-8,3.7416657949999995e-7,7.93906573534449e-9
f,350,-7.5,9.215e-7,2.2222712333725152e-8,6.130000000000001e-7,1.7578733745068212e-8
f,350,-5,1.8405000000000002e-6,3.1332689430130316e-8,1.1984999999999998e-6,2.460139098780799e-8
f,350,-2.5,3.2000000000000005e-5,4.128420730978736e-7,2.0085e-5,3.1966182428153664e-7
f,350,-2,9.039499999999999e-5,6.945207268127424e-7,5.7525e-5,5.406223601752891e-7
f,350,-1.5,2.3895500000000003e-4,1.1251101730827297e-6,1.54955e-4,8.862783419723456e-7
f,350,-1,5.097699999999999e-4,1.6410267709681798e-6,3.346549999999999e-4,1.3011143747260461e-6
f,350,-0.5,8.062949999999998e-4,2.0636081145156898e-6,5.331250000000002e-4,1.641337047926857e-6
f,350,0,9.378750000000002e-4,2.223469881781795e-6,6.211849999999999e-4,1.7710560168922526e-6
f,400,-15,2.771999999999999e-7,7.720286698122033e-9,1.8e-7,6.020318232950814e-9
f,400,-12.5,4.454999415e-7,8.93108809520772e-9,2.9050004299999996e-7,6.994227296014633e-9
f,400,-10,7.20000208e-7,1.1275840605294762e-8,4.828333485e-7,9.010683403833099e-9
f,400,-7.5,1.2685000000000002e-6,2.584255003850239e-8,8.475000000000003e-7,2.0717948548179187e-8
f,400,-5,2.3995000000000005e-6,3.576974871326328e-8,1.5639999999999998e-6,2.8221392250914907e-8
f,400,-2.5,4.304000000000001e-5,4.786298654093264e-7,2.7095000000000004e-5,3.703101600827339e-7
f,400,-2,1.18115e-4,7.91406089900754e-7,7.522499999999997e-5,6.172823648262601e-7
f,400,-1.5,3.1193999999999997e-4,1.28438515281048e-6,2.0094499999999998e-4,1.009217232080636e-6
f,400,-1,6.532500000000001e-4,1.8545978177478935e-6,4.2754500000000004e-4,1.470944411959626e-6
f,400,-0.5,0.00102417,2.320382241026734e-6,6.754249999999999e-4,1.8488359761342408e-6
f,400,0,0.0011849250000000007,2.4936825008389205e-6,7.8444e-4,1.992445250029659e-6
f,450,-15,3.369999999999999e-7,8.510778279616969e-9,2.2059999999999995e-7,6.665911576941297e-9
f,450,-12.5,5.313333360000001e-7,9.744367481848247e-9,3.5016672900000006e-7,7.696759214526387e-9
f,450,-10,9.218332485000001e-7,1.2776028820575074e-8,6.043334520000002e-7,1.0067709202194645e-8
f,450,-7.5,1.4985000000000003e-6,2.814815365974294e-8,1.0154999999999998e-6,2.2709796804903382e-8
f,450,-5,3.1374999999999996e-6,4.078012132123934e-8,2.0245000000000003e-6,3.2027260236047346e-8
f,450,-2.5,5.4325e-5,5.369553394466341e-7,3.3745e-5,4.147820221670655e-7
f,450,-2,1.4940000000000003e-4,8.87933528770876e-7,9.5385e-5,6.958752483471803e-7
f,450,-1.5,3.884849999999999e-4,1.4293409390970198e-6,2.5123499999999993e-4,1.1288282196130419e-6
f,450,-1,8.078700000000002e-4,2.0579783042158758e-6,5.288149999999998e-4,1.6368830052261676e-6
f,450,-0.5,0.0012513350000000008,2.560542766211492e-6,8.25805e-4,2.0456123088715394e-6
f,450,0,0.001443405,2.7478661298167344e-6,9.557699999999999e-4,2.2007683889189705e-6
f,500,-15,4.0099999999999995e-7,9.245248783910577e-9,2.6079999999999995e-7,7.2490907263463056e-9
f,500,-12.5,6.751667630000003e-7,1.0922712558732425e-8,4.404999960000002e-7,8.629187691371566e-9
f,500,-10,1.0700000174999994e-6,1.3739001896320319e-8,7.03000003e-7,1.088977699252402e-8
f,500,-7.5,1.8760000000000003e-6,3.135034980606276e-8,1.2470000000000003e-6,2.512544268221955e-8
f,500,-5,4.041000000000001e-6,4.622688464600443e-8,2.5779999999999997e-6,3.612843108847933e-8
f,500,-2.5,6.857375000000001e-5,3.012039312757533e-7,4.296749999999999e-5,2.3410563358072863e-7
f,500,-2,1.8644000000000012e-4,4.955568427271047e-7,1.1854624999999998e-4,3.884745347164221e-7
f,500,-1.5,4.704200000000001e-4,7.866560885132417e-7,3.0436749999999995e-4,6.219018712970444e-7
f,500,-1,9.600665000000003e-4,1.1215970586837848e-6,6.292475000000002e-4,8.92820814235972e-7
f,500,-0.5,0.0014830020000000002,1.3901645676809378e-6,9.791887499999998e-4,1.1136341046887952e-6
f,500,0,0.0017097780000000003,1.4951875827842868e-6,0.0011319612499999996,1.1979241039914644e-6
f,511,-15,4.2119999999999993e-7,9.52858376020277e-9,2.766e-7,7.495471895377902e-9
f,511,-12.5,6.903332600000002e-7,1.1066975577808377e-8,4.48999992e-7,8.717694047413942e-9
f,511,-10,1.1106669720000003e-6,1.3983667814648185e-8,7.320000035e-7,1.1138112174522832e-8
f,511,-7.5,1.969999999999999e-6,3.2139056001732525e-8,1.3019999999999994e-6,2.5651184793640627e-8
f,511,-5,4.219500000000002e-6,4.7198019068468326e-8,2.6925e-6,3.6936893623178436e-8
f,511,-2.5,7.161875000000002e-5,3.076943629998363e-7,4.4851250000000005e-5,2.3898316291350033e-7
f,511,-2,1.9467375000000006e-4,5.063928844991092e-7,1.2386500000000005e-4,3.9707566384058025e-7
f,511,-1.5,4.885374999999999e-4,8.006837321454748e-7,3.165325000000001e-4,6.343610504662226e-7
f,511,-1,9.964439999999995e-4,1.1412337245796066e-6,6.536575000000001e-4,9.110675531688429e-7
f,511,-0.5,0.0015356327500000006,1.416051249937201e-6,0.0010142687500000003,1.133559992497268e-6
f,511,0,0.001769638,1.515440540645747e-6,0.0011718527499999997,1.2163371726517447e-6
f,550,-15,4.838e-7,1.0207353815303943e-8,3.1920000000000005e-7,8.084165891815926e-9
f,550,-12.5,7.791671455e-7,1.1742546008182845e-8,5.066666999999999e-7,9.264083773028421e-9
f,550,-10,1.3071665644999997e-6,1.5173717929859118e-8,8.559998445000001e-7,1.204385718097775e-8
f,550,-7.5,2.2354999999999996e-6,3.4314953159045684e-8,1.4690000000000003e-06,2.7348149145143263e-8
f,550,-5,4.935999999999999e-6,5.091403972351339e-8,3.1425e-6,3.997716026923999e-8
f,550,-2.5,8.435500000000003e-5,3.3357866754513477e-7,5.274125000000001e-5,2.5953869393138544e-7
f,550,-2,2.2411e-4,5.421931337074745e-7,1.4294499999999987e-4,4.268293047790921e-7
f,550,-1.5,5.566312499999999e-4,8.513387618555644e-7,3.609087499999997e-4,6.779042707932548e-7
f,550,-1,0.0011227372499999998,1.2082367224824676e-6,7.375424999999997e-4,9.683982230485847e-7
f,550,-0.5,0.0017217447500000006,1.4917374238533513e-6,0.0011385302499999994,1.2010640133389672e-6
f,550,0,0.0019819727500000007,1.607799366614937e-6,0.001313827,1.2902356069625123e-6
f,600,-15,5.588000000000003e-7,1.0851405187403152e-8,3.700000000000001e-7,8.713638612588888e-9
f,600,-12.5,9.78333455e-7,4.133094094154543e-8,6.249998599999999e-7,3.2532799411401854e-8
f,600,-10,1.4416671950000004e-6,5.0193303688852686e-8,9.516665549999998e-7,4.010382947928196e-8
f,600,-7.5,2.6299999999999994e-6,1.1874640059597596e-7,1.6849999999999993e-6,9.367579762270509e-8
f,600,-5,5.599999999999998e-6,1.717570749343386e-7,3.5599999999999985e-6,1.360135634909254e-7
f,600,-2.5,1.0087249999999999e-4,3.6426168193035957e-7,6.312875e-5,2.8409679276945486e-7
f,600,-2,2.6438875000000004e-4,5.883191218836268e-7,1.687224999999999e-4,4.640621348130719e-7
f,600,-1.5,6.466175e-4,9.182240551876147e-7,4.2013999999999994e-4,7.316523267467637e-7
f,600,-1,0.0012875702500000001,1.2956989696003898e-6,8.472052499999998e-4,1.0387425012653701e-6
f,600,-0.5,0.0019628342499999995,1.599392473911018e-6,0.0013004269999999996,1.2881067890530225e-6
f,600,0,0.0022551952500000005,1.7098360176850544e-6,0.0014970767499999998,1.3795925660389887e-6
f,650,-15,6.445999999999998e-7,1.167094147033563e-8,4.2060000000000005e-7,9.2449661256275e-9
f,650,-12.5,1.0599997449999998e-6,4.294660514538815e-8,6.73333115e-7,3.4156834839770314e-8
f,650,-10,1.6266664300000002e-6,5.343710591118027e-8,1.0866668150000003e-6,4.2950152746392324e-8
f,650,-7.5,3.0999999999999995e-6,1.2707990871298258e-7,1.999999999999999e-6,1.0050132926857236e-7
f,650,-5,6.474999999999996e-6,1.843055861734798e-7,4.139999999999998e-6,1.4559428275691319e-7
f,650,-2.5,1.1786624999999998e-4,3.931501590295805e-7,7.390874999999998e-5,3.0783191933268855e-7
f,650,-2,3.071362499999998e-4,6.341869018888847e-7,1.9644625000000005e-4,5.015773527970755e-7
f,650,-1.5,7.386962499999996e-4,9.80707871458043e-7,4.8105875000000007e-4,7.829962997341628e-7
f,650,-1,0.0014560524999999997,1.375388646651107e-6,9.597240000000002e-4,1.1059069353493413e-6
f,650,-0.5,0.002203521249999999,1.6875273423078472e-6,0.00146300755,1.3644742206283929e-6
f,650,0,0.0025274607499999996,1.810416565734518e-6,0.001680932,1.4621061465080783e-6
f,661.6,-15,6.571999999999999e-7,1.1832275925754943e-8,4.3059999999999995e-7,9.356949593345044e-9
f,661.6,-12.5,1.0683328899999997e-6,4.317458446589344e-8,6.983335250000001e-7,3.4761438097345344e-8
f,661.6,-10,1.7100005999999994e-6,5.4668165562696454e-8,1.1516664700000003e-6,4.419187023257538e-8
f,661.6,-7.5,3.099999999999999e-6,1.2845067335946508e-7,1.994999999999999e-6,1.0037145346411997e-7
f,661.6,-5,7.029999999999998e-6,1.9144869146784473e-7,4.469999999999999e-6,1.5199242009060848e-7
f,661.6,-2.5,1.2235875e-4,4.004838465919615e-7,7.675500000000003e-5,3.1402245153389805e-7
f,661.6,-2,3.1697875e-4,6.435440133751901e-7,2.0281249999999992e-4,5.09810182529994e-7
f,661.6,-1.5,7.613262499999999e-4,9.95193761772676e-7,4.956724999999999e-4,7.948090983662957e-7
f,661.6,-1,0.0014962167500000001,1.3932765031454096e-6,9.862467500000001e-4,1.1195905003223124e-6
f,661.6,-0.5,0.002261769500000001,1.7120021393596058e-6,0.0015021107500000008,1.3821195352696003e-6
f,661.6,0,0.0025933650000000007,1.8369587198552892e-6,0.0017253889999999997,1.483511249701593e-6
f,700,-15,7.23e-7,1.2397259277469354e-8,4.631999999999999e-7,9.707379039885071e-9
f,700,-12.5,1.0483324600000002e-6,4.298039870936409e-8,7.033330699999999e-7,3.495990281926822e-8
f,700,-10,1.8666661099999997e-6,5.7104716878634704e-8,1.2383335149999998e-6,4.6399782560622006e-8
f,700,-7.5,3.449999999999999e-6,1.3509211198752496e-7,2.2549999999999983e-6,1.0641813787484725e-7
f,700,-5,7.720000000000004e-6,2.0013158588601148e-7,4.994999999999999e-6,1.5992758314624775e-7
f,700,-2.5,1.3749000000000012e-4,4.2407994466828944e-7,8.6274375e-5,3.3270550727335355e-7
f,700,-2,3.5216749999999986e-4,6.773898161692977e-7,2.2537065000000005e-4,5.37205236550583e-7
f,700,-1.5,8.359625000000002e-4,1.042508274544545e-6,5.448393499999998e-4,8.333831194929303e-7
f,700,-1,0.0016306109999999997,1.4541605137633537e-6,0.0010763799999999998,1.1709496250361082e-6
f,700,-0.5,0.0024528402500000003,1.7807216347206894e-6,0.0016309545000000002,1.4423917499889368e-6
f,700,0,0.002808620000000001,1.9115566780821938e-6,0.0018710295,1.5408811734296087e-6
f,750,-15,7.722000000000002e-7,1.2765161568534887e-8,5.072e-7,1.0182137477779408e-8
f,750,-12.5,1.27666662e-6,4.714135288587563e-8,8.433330700000001e-7,3.807685336557249e-8
f,750,-10,2.0916661849999994e-6,6.066421084653656e-8,1.4066671000000003e-6,4.916103605693952e-8
f,750,-7.5,3.849999999999999e-6,1.4229688664197819e-7,2.614999999999999e-6,1.1500329486366903e-7
f,750,-5,8.845000000000004e-6,2.136993351925784e-7,5.594999999999998e-6,1.6902910259626887e-7
f,750,-2.5,1.5699249999999996e-4,4.5250259695345957e-7,9.881562499999998e-5,3.5600555331793216e-7
f,750,-2,3.9838250000000014e-4,7.195761263377559e-7,2.553093499999998e-4,5.717283777748834e-7
f,750,-1.5,9.339025e-4,1.1020459408802381e-6,6.098162499999999e-4,8.826433481985067e-7
f,750,-1,0.0018040800000000004,1.527503719025672e-6,0.0011930703999999993,1.2328372028932275e-6
f,750,-0.5,0.0026990742499999995,1.8682973859083525e-6,0.0017980539999999997,1.513376258366747e-6
f,750,0,0.00308577675,2.003528710031389e-6,0.0020595352499999994,1.6220337624938718e-6
f,800,-15,8.447999999999999e-7,1.3344126516936208e-8,5.450000000000002e-7,1.0528670447896069e-8
f,800,-12.5,1.3499998900000002e-6,4.858945564885739e-8,8.866669399999998e-7,3.865884549184082e-8
f,800,-10,2.3333329099999995e-6,6.355254158002694e-8,1.5150001050000008e-6,5.068998747775098e-8
f,800,-7.5,4.229999999999999e-6,1.4798465240270696e-7,2.804999999999999e-6,1.196844430084796e-7
f,800,-5,9.885000000000008e-6,2.249966479544751e-7,6.349999999999997e-6,1.8014536752509066e-7
f,800,-2.5,1.7766125e-4,4.810007664173826e-7,1.1230625000000002e-4,3.8009368824835053e-7
f,800,-2,4.4518875000000005e-4,7.605849627602425e-7,2.8668125000000014e-4,6.06971579257294e-7
f,800,-1.5,0.0010342125000000002,1.1582514881275852e-6,6.770650000000001e-4,9.307164229789935e-7
f,800,-1,0.0019794697499999994,1.5996246490690047e-6,0.0013112737500000006,1.2947000865654897e-6
f,800,-0.5,0.002946028,1.9515503803117993e-6,0.0019662925000000003,1.5859386083995952e-6
f,800,0,0.003358884,2.08807051354312e-6,0.002246764749999999,1.6983102158779797e-6
f,850,-15,9.122000000000002e-7,1.3882954224962348e-8,5.816000000000001e-7,1.0881163826852345e-8
f,850,-12.5,1.5516657099999992e-6,5.198971081252579e-8,1.0033332100000002e-6,4.156653771406579e-8
f,850,-10,2.4800010249999998e-6,6.56203151478485e-8,1.6066669349999998e-6,5.201710613677869e-8
f,850,-7.5,4.754999999999999e-6,1.5707295689026164e-7,3.07e-6,1.2470072439645245e-7
f,850,-5,1.102500000000001e-5,2.394137084817826e-7,7.014999999999998e-6,1.892673997496663e-7
f,850,-2.5,1.9962749999999997e-4,5.094389861396555e-7,1.2643625000000004e-4,4.033095918067316e-7
f,850,-2,4.946312500000002e-4,8.000722259312847e-7,3.1910874999999995e-4,6.401332995053769e-7
f,850,-1.5,0.0011348087500000004,1.2115794632961296e-6,7.446562500000002e-4,9.777842187251025e-7
f,850,-1,0.002156267,1.668758645253817e-6,0.0014310252500000006,1.3539281831287066e-6
f,850,-0.5,0.0031938857499999988,2.026772536045704e-6,0.0021359004999999998,1.6472158767388987e-6
f,850,0,0.0036376677500000016,2.166072664229206e-6,0.002438481999999999,1.758234812674161e-6
f,900,-15,1.0122e-6,1.4600251307891929e-8,6.524000000000003e-7,1.1558932680572202e-8
f,900,-12.5,1.7633332299999998e-6,5.583087427702805e-8,1.1200002699999998e-6,4.358914044741945e-8
f,900,-10,2.578332659999999e-6,6.672947174946694e-8,1.7199986100000003e-6,5.400781449149313e-8
f,900,-7.5,5.1949999999999985e-6,1.6393163708158957e-7,3.3549999999999992e-6,1.306744498735311e-7
f,900,-5,1.2290000000000013e-5,2.510979093531048e-7,7.965000000000013e-6,2.0144001261479798e-7
f,900,-2.5,2.2218000000000002e-4,5.368009023369519e-7,1.4118625000000007e-4,4.2615185258327365e-7
f,900,-2,5.447625e-4,8.393983998074532e-7,3.5210250000000003e-4,6.727117439313254e-7
f,900,-1.5,0.0012386699999999994,1.2658672237106245e-6,8.1439925e-4,1.0206851119474774e-6
f,900,-1,0.0023302317499999995,1.7347016503500702e-6,0.0015498722499999984,1.4081038951359435e-6
f,900,-0.5,0.0034380969999999985,2.099454337704514e-6,0.0023041335,1.7125762809974354e-6
f,900,0,0.003911757250000001,2.23727934066007e-6,0.0026274531500000003,1.8303058915464124e-6
f,950,-15,1.0778000000000007e-6,1.5058049245636038e-8,6.876000000000004e-7,1.1841607326879236e-8
f,950,-12.5,1.8533340049999997e-6,5.69106593150367e-8,1.218333315e-6,4.567324289525966e-8
f,950,-10,2.9400004500000004e-6,7.164711322096337e-8,1.91833329e-6,5.703552941896774e-8
f,950,-7.5,5.669999999999997e-6,1.7203281057257653e-7,3.7e-6,1.3729266664410735e-7
f,950,-5,1.3805000000000018e-5,2.668081406647857e-7,9.010000000000019e-6,2.1541820569824177e-7
f,950,-2.5,2.4575875e-4,5.644301774037386e-7,1.5642374999999992e-4,4.4872011944604386e-7
f,950,-2,5.9818625e-4,8.796969096734576e-7,3.8755499999999993e-4,7.053219453859797e-7
f,950,-1.5,0.00134332225,1.315998900552411e-6,8.850689999999998e-4,1.065857625784996e-6
f,950,-1,0.0025081159999999977,1.796967980460537e-6,0.001671568750000001,1.4636687893434143e-6
f,950,-0.5,0.0036835392500000007,2.179254548922146e-6,0.002473559,1.7747005900375716e-6
f,950,0,0.004185895499999999,2.321148023801547e-6,0.002817287750000001,1.8961914442307606e-6
f,1000,-15,1.1401666209999996e-6,1.411465156603029e-8,7.321668225000004e-7,1.116138174700344e-8
f,1000,-12.5,1.963332675e-6,5.835164545344981e-8,1.2716667649999999e-6,4.6459388430861074e-8
f,1000,-10,3.2166679e-6,7.483658244624376e-8,2.1233337700000004e-6,6.027486739055351e-8
f,1000,-7.5,6.164999999999998e-6,1.795118455673608e-7,3.9599999999999985e-6,1.4282823947402693e-7
f,1000,-5,1.499000000000002e-5,2.7810791304905374e-7,9.73000000000001e-6,2.254996843922403e-7
f,1000,-2.5,2.703350000000003e-4,5.912694728713355e-7,1.7220500000000006e-4,4.7085989237009914e-7
f,1000,-2,6.515212500000002e-4,9.174432987541553e-7,4.229075e-4,7.371137370880149e-7
f,1000,-1.5,0.0014498077500000003,1.3684859234149263e-6,9.572150000000006e-4,1.109188414051569e-6
f,1000,-1,0.00268483375,1.8582478035044426e-6,0.0017936164999999994,1.5153505567078853e-6
f,1000,-0.5,0.003923248500000002,2.2460905084910896e-6,0.0026409040000000008,1.8351898680120102e-6
f,1000,0,0.004451583749999998,2.386702302170759e-6,0.003002948999999999,1.956902413846055e-6
f,1022,-15,1.1879997334999998e-6,1.4424998394508488e-8,7.610001009999997e-7,1.1381063321322253e-8
f,1022,-12.5,2.0850001299999994e-6,6.039451579817167e-8,1.3516668449999998e-6,4.78703399441178e-8
f,1022,-10,3.361667815e-6,7.625298576390812e-8,2.1933336899999994e-6,6.101315303079346e-8
f,1022,-7.5,6.369999999999998e-6,1.8153183482312406e-7,4.1349999999999985e-6,1.4517013170845438e-7
f,1022,-5,1.535000000000002e-5,2.819570208928127e-7,1.0015000000000017e-5,2.2907025622011687e-7
f,1022,-2.5,2.8196375e-4,6.041858517701993e-7,1.7982374999999995e-4,4.812753712893354e-7
f,1022,-2,6.7647375e-4,9.343503526607739e-7,4.3955500000000006e-4,7.519261790725471e-7
f,1022,-1.5,0.0014987387500000006,1.3891688837863857e-6,9.9060825e-4,1.1281167286092271e-6
f,1022,-1,0.0027648834999999994,1.8848103581089276e-6,0.00184833385,1.5393338547466547e-6
f,1022,-0.5,0.0040321307500000006,2.277185708519193e-6,0.0027164483999999973,1.867956918788582e-6
f,1022,0,0.004572246749999997,2.426181194206397e-6,0.0030873712500000014,1.9885776649944423e-6
f,1050,-15,1.2483340529999997e-6,1.474662193776698e-8,8.064999899999997e-7,1.1685150980648874e-8
f,1050,-12.5,2.194999524999999e-6,6.193658671053363e-8,1.4166673999999992e-6,4.921463202706848e-8
f,1050,-10,3.384999790000001e-6,7.654205454780701e-8,2.2166671999999995e-6,6.142033094811112e-8
f,1050,-7.5,6.669999999999997e-6,1.8613198263866422e-7,4.339999999999997e-6,1.4832339134556621e-7
f,1050,-5,1.6275000000000023e-5,2.900269117426864e-7,1.0680000000000013e-5,2.364512433055703e-7
f,1050,-2.5,2.960400000000003e-4,6.185304480656905e-7,1.8916374999999983e-4,4.939403327487575e-7
f,1050,-2,7.064550000000004e-4,9.553378311727527e-7,4.5976749999999977e-4,7.692766591039131e-7
f,1050,-1.5,0.001557441500000001,1.4170036415957455e-6,0.0010315777499999997,1.1499282569828047e-6
f,1050,-1,0.002863807,1.919383302654177e-6,0.00191758125,1.5649126665629405e-6
f,1050,-0.5,0.004169537750000002,2.3202979799944743e-6,0.00281334915,1.8962309139713225e-6
f,1050,0,0.004725824500000001,2.468656281722542e-6,0.003195504750000002,2.032906800997445e-6
f,1100,-15,1.3273332759999996e-6,1.518149180463575e-8,8.608333350000001e-7,1.2127018910795942e-8
f,1100,-12.5,2.1616665199999992e-6,6.107382130696427e-8,1.4383335249999998e-6,4.952682031544252e-8
f,1100,-10,3.81166519e-6,8.11535617626633e-8,2.4799998449999997e-6,6.510475938415549e-8
f,1100,-7.5,7.134999999999998e-6,1.921529053403825e-7,4.694999999999998e-6,1.5613428177053235e-7
f,1100,-5,1.7475000000000025e-5,2.9979858713101046e-7,1.1385000000000017e-5,2.4201542030364527e-7
f,1100,-2.5,3.213400000000002e-4,6.443680085818949e-7,2.058375e-4,5.154089104556932e-7
f,1100,-2,7.605374999999996e-4,9.906725279488726e-7,4.959174999999999e-4,7.98655301692056e-7
f,1100,-1.5,0.001664853999999999,1.4631843124032697e-6,0.0011051190000000001,1.194323922985364e-6
f,1100,-1,0.0030414279999999997,1.976483576517969e-6,0.0020412487500000016,1.6165233660372863e-6
f,1100,-0.5,0.004414011500000001,2.381270407537677e-6,0.0029840735,1.952696429925958e-6
f,1100,0,0.00499741125,2.531035075435521e-6,0.0033855670000000012,2.0893207237988435e-6
f,1150,-15,1.3833334959999989e-6,1.5507255908682126e-8,8.953337744999997e-7,1.2382304958561321e-8
f,1150,-12.5,2.286667134999999e-6,6.342217964064797e-8,1.491666365e-6,5.025071668835955e-8
f,1150,-10,4.063333135e-6,8.36677593253905e-8,2.638333374999999e-6,6.706009013201599e-8
f,1150,-7.5,7.755000000000008e-6,1.9969399128854626e-7,5.029999999999996e-6,1.6015425358931302e-7
f,1150,-5,1.853500000000003e-5,3.090870291900001e-7,1.2012500000000018e-5,2.490316867935687e-7
f,1150,-2.5,3.469437499999999e-4,6.689994107972461e-7,2.2314937500000014e-4,5.370479191044554e-7
f,1150,-2,8.1624125e-4,1.0252094018721323e-6,5.339043499999998e-4,8.307238592586837e-7
f,1150,-1.5,0.00177279125,1.5077425277744716e-6,0.001179458149999999,1.23140226979128e-6
f,1150,-1,0.003217688000000002,2.033137852680093e-6,0.0021650147500000007,1.6667886895988546e-6
f,1150,-0.5,0.004656165749999997,2.4466929539254156e-6,0.0031544328999999973,2.0217583721020434e-6
f,1150,0,0.005265223499999999,2.6001864122254725e-6,0.0035738587499999975,2.142923839575648e-6
f,1173,-15,1.4315002584999998e-6,1.5778374159297543e-8,9.288335470000003e-7,1.2581214538714623e-8
f,1173,-12.5,2.2583329849999997e-6,6.251574142403589e-8,1.47999943e-6,5.0055849055058673e-8
f,1173,-10,4.263332730000001e-6,8.563479906355872e-8,2.734999689999999e-6,6.821356449042416e-8
f,1173,-7.5,7.830000000000008e-6,2.0024822596155498e-7,5.064999999999996e-6,1.610132373696336e-7
f,1173,-5,1.8720000000000024e-5,3.104683581570754e-7,1.211750000000001e-5,2.5071289669809567e-7
f,1173,-2.5,3.5960125000000006e-4,6.811360176523459e-7,2.3182562500000006e-4,5.476496880863267e-7
f,1173,-2,8.429562500000003e-4,1.0419438431617022e-6,5.520856500000006e-4,8.44677789658981e-7
f,1173,-1.5,0.0018226112499999999,1.5312124177676163e-6,0.0012136621499999995,1.2511130210258033e-6
f,1173,-1,0.0032979147500000017,2.0582331666024965e-6,0.0022207943,1.6904657177764664e-6
f,1173,-0.5,0.004764075000000001,2.4729070576752256e-6,0.0032301876499999977,2.031990310968358e-6
f,1173,0,0.0053854509999999994,2.634121293972028e-6,0.00365906475,2.169273620427427e-6
f,1200,-15,1.4886666554999988e-6,1.6093496407584965e-8,9.590001204999996e-7,1.2808638731638154e-8
f,1200,-12.5,2.4249999999999984e-6,1.130295793995979e-7,1.6099999999999996e-6,9.027893237350563e-8
f,1200,-10,4.464999999999996e-6,1.5140972712065097e-7,2.835e-6,1.1989218382154859e-7
f,1200,-7.5,8.025000000000015e-6,2.0316552998971058e-7,5.214999999999996e-6,1.6331854115960005e-7
f,1200,-5,1.967000000000003e-5,3.185818224122338e-7,1.2897500000000022e-5,2.5952221645602923e-7
f,1200,-2.5,3.745537499999997e-4,6.949706080044749e-7,2.4171247500000013e-4,5.593445856807291e-7
f,1200,-2,8.744325e-4,1.0610832332856904e-6,5.733656000000003e-4,8.602578841990795e-7
f,1200,-1.5,0.0018821015000000001,1.555443031904311e-6,0.0012553323999999998,1.2725973029378034e-6
f,1200,-1,0.0033938014999999994,2.0835494418613314e-6,0.00228840425,1.7120121733100751e-6
f,1200,-0.5,0.004891429,2.5075800726696385e-6,0.0033205529999999987,2.0652902479194617e-6
f,1200,0,0.005525147250000002,2.6620064274259384e-6,0.0037586379999999977,2.1938813624159137e-6
f,1250,-15,1.5758335699999996e-6,1.6552669011151976e-8,1.0128328274999998e-6,1.3189977340811118e-8
f,1250,-12.5,2.5649999999999987e-6,1.1715557066994296e-7,1.625e-6,9.151739343835139e-8
f,1250,-10,4.509999999999996e-6,1.516543710596565e-7,2.8699999999999988e-6,1.2020546407505768e-7
f,1250,-7.5,8.61500000000001e-6,2.1029793950666746e-7,5.569999999999999e-6,1.6867092747492077e-7
f,1250,-5,2.127000000000005e-5,3.3093962518751064e-7,1.3942500000000024e-5,2.688388310224178e-7
f,1250,-2.5,4.0202875000000006e-4,7.196504648251557e-7,2.6001567499999996e-4,5.800740969095967e-7
f,1250,-2,9.319062499999999e-4,1.0943644721183715e-6,6.125825250000001e-4,8.888556621782782e-7
f,1250,-1.5,0.00199004325,1.5997569490550342e-6,0.0013301388000000003,1.3081437865761525e-6
f,1250,-1,0.003567526000000001,2.140814585817334e-6,0.0024111563000000016,1.7679546183964158e-6
f,1250,-0.5,0.0051270139999999974,2.5651441996013186e-6,0.0034872247000000012,2.1167552255429522e-6
f,1250,0,0.005785018500000003,2.719566921961013e-6,0.0039434922,2.2588638844175745e-6
f,1300,-15,1.6001659239999992e-6,1.668854493374785e-8,1.0300002589999988e-6,1.3244919879630194e-8
f,1300,-12.5,2.679999999999999e-6,1.1979498637568267e-7,1.7449999999999998e-6,9.500425757564763e-8
f,1300,-10,4.5099999999999975e-6,1.5263931036515453e-7,2.8849999999999986e-6,1.2052122630163529e-7
f,1300,-7.5,9.095000000000022e-6,2.1557636073036849e-7,5.899999999999997e-6,1.736273596470325e-7
f,1300,-5,2.2515000000000028e-5,3.4091287407855394e-7,1.4735000000000038e-5,2.753617786045299e-7
f,1300,-2.5,4.3016125000000017e-4,7.434052891242163e-7,2.790063249999999e-4,6.012036421107916e-7
f,1300,-2,9.8961375e-4,1.127756595460915e-6,6.519894500000003e-4,9.176642292856667e-7
f,1300,-1.5,0.0020987197500000007,1.6417637828667405e-6,0.00140634465,1.346739218419114e-6
f,1300,-1,0.0037432162500000026,2.191920542887877e-6,0.00253554015,1.811179228102645e-6
f,1300,-0.5,0.005361415500000001,2.6256138991110033e-6,0.0036546713999999992,2.173447525397195e-6
f,1300,0,0.006044761500000007,2.7850837576306928e-6,0.004129719000000001,2.3047634442874774e-6
f,1332,-15,1.6555004314999987e-6,1.697110821363428e-8,1.0696667304999984e-6,1.3518628068916677e-8
f,1332,-12.5,2.5549999999999984e-6,1.1672324022554377e-7,1.6799999999999992e-6,9.300631510682487e-8
f,1332,-10,4.949999999999997e-6,1.598368188982125e-7,3.1749999999999967e-6,1.2698020749313641e-7
f,1332,-7.5,9.320000000000016e-6,2.1806195309189082e-7,6.054999999999999e-6,1.764350071931588e-7
f,1332,-5,2.379500000000002e-5,3.501385460139314e-7,1.545000000000003e-5,2.824601530866788e-7
f,1332,-2.5,4.4930499999999994e-4,1.5208561233611159e-6,2.920374999999999e-4,1.231929255326706e-6
f,1332,-2,0.0010249849999999995,2.294588101736018e-6,6.769200000000005e-4,1.8729189775113068e-6
f,1332,-1.5,0.0021667849999999983,3.3341307324998533e-6,0.0014558625000000004,2.7445928282150174e-6
f,1332,-1,0.0038525750000000004,4.445243490389587e-6,0.002612907499999999,3.673448100017789e-6
f,1332,-0.5,0.0055091500000000035,5.3132458867512446e-6,0.0037597825000000003,4.408818438499375e-6
f,1332,0,0.006203155000000003,5.635912509938476e-6,0.004243037499999999,4.685328940982057e-6
f,1350,-15,1.6896663199999997e-6,1.714869799465919e-8,1.0883326015e-6,1.363382310277416e-8
f,1350,-12.5,2.819999999999999e-6,1.2227130040610505e-7,1.8299999999999994e-6,9.721229323367494e-8
f,1350,-10,4.859999999999997e-6,1.5841793548869392e-7,3.1199999999999985e-6,1.2608964572676048e-7
f,1350,-7.5,9.335000000000013e-6,2.182263933573343e-7,6.069999999999997e-6,1.7662785408026676e-7
f,1350,-5,2.3885000000000023e-5,3.5036881125108726e-7,1.551500000000003e-5,2.836952416317555e-7
f,1350,-2.5,4.595049999999999e-4,1.5370736486913205e-6,2.989275000000004e-4,1.2466548071482142e-6
f,1350,-2,0.0010442649999999993,2.316411084151677e-6,6.898300000000001e-4,1.8905952619445682e-6
f,1350,-1.5,0.002203105000000002,3.3640983655681054e-6,0.0014812775000000006,2.767795072079624e-6
f,1350,-1,0.003912475000000001,4.47918439477317e-6,0.0026560725000000012,3.7060127463003956e-6
f,1350,-0.5,0.005590829999999999,5.354301168439748e-6,0.0038193650000000008,4.436017493199595e-6
f,1350,0,0.0062919699999999966,5.6797634117479985e-6,0.004309224999999997,4.718053840636093e-6
f,1400,-15,1.7384999444999997e-6,1.7366402478040726e-8,1.1296668574999994e-6,1.3905245426056654e-8
f,1400,-12.5,3.1249999999999985e-6,1.2835262024886747e-7,1.9699999999999998e-6,1.0050073013665124e-7
f,1400,-10,5.079999999999998e-6,1.6170429512539234e-7,3.2649999999999997e-6,1.295185515177265e-7
f,1400,-7.5,1.0100000000000018e-5,2.2717203040977558e-7,6.559999999999997e-6,1.835681534995926e-7
f,1400,-5,2.5610000000000034e-5,3.617779720951098e-7,1.6525000000000032e-5,2.9275796109585146e-7
f,1400,-2.5,4.8772500000000016e-4,1.5834847918316897e-6,3.185749999999998e-4,1.2885004068124357e-6
f,1400,-2,0.0011022949999999999,2.3797376369937814e-6,7.304025000000001e-4,1.947191344755505e-6
f,1400,-1.5,0.0023098,3.441528265243691e-6,0.001555740000000001,2.8393522229609877e-6
f,1400,-1,0.004083304999999998,4.576136819632635e-6,0.0027773700000000025,3.7908787943872918e-6
f,1400,-0.5,0.00581605,5.456000186926981e-6,0.003981872499999999,4.534509662606946e-6
f,1400,0,0.006543700000000002,5.7881180405111834e-6,0.0044903199999999956,4.811229840021911e-6
f,1450,-15,1.8423342689999992e-6,1.7890139556740143e-8,1.1909999589999999e-6,1.4295042059836317e-8
f,1450,-12.5,2.969999999999999e-6,1.240949584834129e-7,1.924999999999999e-6,9.861695826023026e-8
f,1450,-10,5.229999999999996e-6,1.6386031553963875e-7,3.3599999999999983e-6,1.319104915880461e-7
f,1450,-7.5,1.0315000000000012e-5,2.2984966722838647e-7,6.789999999999999e-6,1.8640410599420814e-7
f,1450,-5,2.659000000000004e-5,3.695617762052779e-7,1.7265000000000035e-5,3.0012169408591574e-7
f,1450,-2.5,5.1998e-4,1.6351615186725437e-6,3.4032999999999985e-4,1.332049957677264e-6
f,1450,-2,0.0011674600000000004,2.448880863506686e-6,7.748850000000003e-4,2.005536274335901e-6
f,1450,-1.5,0.0024216300000000006,3.5232633342851697e-6,0.0016340724999999992,2.911411842111026e-6
f,1450,-1,0.004254010000000001,4.6668385167907835e-6,0.0028995149999999983,3.874664568951291e-6
f,1450,-0.5,0.006040319999999992,5.561473180818079e-6,0.0041436100000000016,4.629723279147207e-6
f,1450,0,0.006790180000000002,5.8987504499456525e-6,0.004669267499999999,4.917022986206319e-6
f,1500,-15,1.9253337835000026e-06,1.8267683604625598e-8,1.2409996574999995e-6,1.4578913797509867e-8
f,1500,-12.5,3.1849999999999996e-6,1.2913347128068685e-7,1.999999999999999e-6,1.0025182963168306e-7
f,1500,-10,5.499999999999996e-6,1.68085528151593e-7,3.6599999999999976e-6,1.372970427267098e-7
f,1500,-7.5,1.110500000000002e-5,2.3786184689436844e-7,7.3149999999999986e-6,1.9448305162789886e-7
f,1500,-5,2.8550000000000033e-5,3.823145593385766e-7,1.8565000000000026e-5,3.1124962766483776e-7
f,1500,-2.5,5.51555e-4,1.6836699476557882e-6,3.6094250000000017e-4,1.3704035849785269e-6
f,1500,-2,0.0012282500000000004,2.5101864571037353e-6,8.170350000000004e-4,2.0614799177878105e-6
f,1500,-1.5,0.002527985000000002,3.6007508401206762e-6,0.0017095450000000005,2.9763937120963717e-6
f,1500,-1,0.004419600000000003,4.757300600161688e-6,0.003019015000000001,3.956990070925406e-6
f,1500,-0.5,0.006260574999999999,5.660065565784156e-6,0.004303397500000001,4.723417672444663e-6
f,1500,0,0.007033510000000003,5.9954507401050576e-6,0.004847122499999999,5.010354156295049e-6
f,1550,-15,1.9691667750000017e-6,1.8474863054757005e-8,1.2786670824999986e-6,1.4796562951264262e-8
f,1550,-12.5,3.2649999999999984e-6,1.3086444505670737e-7,2.1399999999999994e-6,1.0488118845507996e-7
f,1550,-10,5.804999999999998e-6,1.7385264301053917e-7,3.839999999999999e-6,1.4247840968634504e-7
f,1550,-7.5,1.0905000000000015e-5,2.3647195583197598e-7,7.124999999999997e-6,1.9138751912219874e-7
f,1550,-5,3.0205000000000017e-5,3.944363189090225e-7,1.9450000000000053e-5,3.175068460584748e-7
f,1550,-2.5,5.817000000000005e-4,1.728044954784018e-6,3.8119000000000016e-4,1.4086445140362776e-6
f,1550,-2,0.0012852349999999996,2.5674295630393633e-6,8.567225000000001e-4,2.111603060434833e-6
f,1550,-1.5,0.002634669999999999,3.671248802092995e-6,0.0017837575000000006,3.046549394082643e-6
f,1550,-1,0.00458404,4.844004781919474e-6,0.003135669999999999,4.034440576080002e-6
f,1550,-0.5,0.006484749999999999,5.755619232928307e-6,0.0044626375,4.8049899248151e-6
f,1550,0,0.007290410000000003,6.1064720715183426e-6,0.0050297575,5.111446642830315e-6
f,1600,-15,2.031333156000003e-6,1.8757719034417418e-8,1.312499299499999e-6,1.4973232545243793e-8
f,1600,-12.5,3.285e-6,1.3067707955108265e-7,2.189999999999999e-6,1.0630095368222245e-7
f,1600,-10,5.779999999999998e-6,1.7247980909877533e-7,3.874999999999997e-6,1.425645057140801e-7
f,1600,-7.5,1.1250000000000014e-5,2.4029710939740837e-7,7.429999999999997e-6,1.9544880792806076e-7
f,1600,-5,3.170499999999999e-5,4.039345632766526e-7,2.041500000000003e-5,3.2465483219875235e-7
f,1600,-2.5,6.110250000000001e-4,1.7709571528516021e-6,4.016624999999999e-4,1.4467143451117955e-6
f,1600,-2,0.00134913,2.6275146027628477e-6,9.015024999999995e-4,2.165364829867012e-6
f,1600,-1.5,0.002745525000000002,3.7491180668709607e-6,0.0018632450000000012,3.1126150397198676e-6
f,1600,-1,0.0047539950000000004,4.9325613445146305e-6,0.0032596475,4.118224023128424e-6
f,1600,-0.5,0.0067042900000000025,5.857516412388104e-6,0.004624175,4.890526252750579e-6
f,1600,0,0.00752609,6.20978690470565e-6,0.0052037449999999975,5.200591205308892e-6
f,1650,-15,2.1526666760000017e-6,1.931713279790539e-8,1.3836667939999985e-6,1.538728797675138e-8
f,1650,-12.5,3.55e-6,1.3583009885791137e-7,2.2749999999999985e-6,1.07586351467089e-7
f,1650,-10,6.1649999999999986e-6,1.7894106813208083e-7,4.0799999999999965e-6,1.4543221446949084e-7
f,1650,-7.5,1.180000000000002e-5,2.468916585807427e-7,7.6850000000000035e-06,1.9856429341903337e-7
f,1650,-5,3.345500000000003e-5,4.1519763343798105e-7,2.1360000000000043e-5,3.335245978278814e-7
f,1650,-2.5,6.442449999999997e-4,1.816783983980071e-6,4.238849999999998e-4,1.486090334528638e-6
f,1650,-2,0.0014117049999999996,2.689377799975443e-6,9.444750000000002e-4,2.2174003802248646e-6
f,1650,-1.5,0.0028539400000000014,3.8220735525230945e-6,0.0019403500000000002,3.1761871387747293e-6
f,1650,-1,0.0049214550000000025,5.013826702724976e-6,0.003380285,4.196684683529227e-6
f,1650,-0.5,0.006921514999999998,5.951904376847759e-6,0.004782652499999998,4.996650767405341e-6
f,1650,0,0.007762,6.296229878887485e-6,0.0053771299999999965,5.281118090494106e-6
f,1700,-15,2.210166992000003e-6,1.9571607494033097e-8,1.434999142499998e-6,1.5710883483356823e-8
f,1700,-12.5,3.4949999999999983e-6,1.344432863096926e-7,2.274999999999998e-6,1.0782046950254855e-7
f,1700,-10,6.579999999999997e-6,1.8506374193031432e-7,4.324999999999995e-6,1.495829606806871e-7
f,1700,-7.5,1.1960000000000016e-5,2.4868442585634527e-7,7.85000000000001e-6,2.011239943156957e-7
f,1700,-5,3.515499999999998e-5,4.2537588046749903e-7,2.2505000000000016e-5,3.430406245935017e-7
f,1700,-2.5,6.766600000000007e-4,1.861618269786666e-6,4.46925e-4,1.5278287328475747e-6
f,1700,-2,0.0014722849999999996,2.7461987967179277e-6,9.874075000000002e-4,2.2681866853345793e-6
f,1700,-1.5,0.0029589049999999987,3.8911329969273085e-6,0.0020155599999999996,3.2436622505016413e-6
f,1700,-1,0.005088470000000001,5.096053622357378e-6,0.003501170000000001,4.2771960906758835e-6
f,1700,-0.5,0.007137964999999998,6.037453225870776e-6,0.004940847499999998,5.0744783613982826e-6
f,1700,0,0.00799903,6.40904617897882e-6,0.005550534999999997,5.387464966378268e-6
f,1750,-15,2.2811669305000022e-6,1.986347525579527e-8,1.476332964999999e-6,1.5952676132707123e-8
f,1750,-12.5,3.5899999999999987e-6,1.358318206478143e-7,2.309999999999999e-6,1.1045335080249942e-7
f,1750,-10,6.6099999999999985e-6,1.8601584766156343e-7,4.389999999999997e-6,1.501574554875647e-7
f,1750,-7.5,1.2990000000000023e-5,2.5942315241271376e-7,8.575000000000019e-6,2.1123803933122457e-7
f,1750,-5,3.617500000000001e-5,4.3232773606721116e-7,2.3262500000000044e-5,3.480549509848444e-7
f,1750,-2.5,7.082649999999998e-4,1.9045693602268722e-6,4.6836249999999984e-4,1.5641798667273095e-6
f,1750,-2,0.0015334950000000006,2.8020839730693746e-6,0.0010311275000000003,2.32103057143116e-6
f,1750,-1.5,0.0030655700000000005,3.963460141345092e-6,0.002094539999999998,3.302291103967734e-6
f,1750,-1,0.0052440899999999955,5.180497387010487e-6,0.003615276250000001,4.3440579245329395e-6
f,1750,-0.5,0.0073376750000000044,6.122354093597516e-6,0.005088995000000001,5.144054969403649e-6
f,1750,0,0.008222165000000007,6.47302316155336e-6,0.005715540000000004,5.4582461298057e-6
f,1800,-15,2.3411676130000037e-6,2.0126002232169443e-8,1.5105005089999977e-6,1.6067920574488483e-8
f,1800,-12.5,3.7099999999999988e-6,1.3819888850131888e-7,2.3849999999999975e-6,1.1079565850587288e-7
f,1800,-10,7.089999999999997e-6,1.933931610146801e-7,4.674999999999996e-6,1.5466631623352891e-7
f,1800,-7.5,1.3590000000000026e-5,2.6513231025188177e-7,8.910000000000015e-6,2.1506099356636008e-7
f,1800,-5,3.793e-5,4.425960966620696e-7,2.443000000000004e-5,3.578905908926637e-7
f,1800,-2.5,7.371599999999996e-4,1.942784189589003e-6,4.89775e-4,1.6009216746738616e-6
f,1800,-2,0.0015937450000000004,2.8558283662676146e-6,0.0010746924999999999,2.370146070798182e-6
f,1800,-1.5,0.003169915000000002,4.026776263564906e-6,0.0021696475000000017,3.3656438221454656e-6
f,1800,-1,0.005408404999999999,5.252491102246198e-6,0.0037334087499999976,4.414369751555357e-6
f,1800,-0.5,0.007549940000000003,6.211820152086039e-6,0.005244935000000003,5.217094819569534e-6
f,1800,0,0.008454294999999999,6.566817155994085e-6,0.005887797500000004,5.53534298505211e-6
f,1850,-15,2.3939999875000056e-6,2.0362747806775163e-8,1.552916202499999e-6,1.6348516783950825e-8
f,1850,-12.5,4.104999999999996e-6,1.458515185428317e-7,2.689999999999999e-6,1.1725760933304073e-7
f,1850,-10,7.114999999999995e-6,1.9253575581628982e-7,4.634999999999996e-6,1.545196972759459e-7
f,1850,-7.5,1.413000000000002e-5,2.6916095005544557e-07,9.225000000000026e-6,2.1857495234873082e-7
f,1850,-5,3.9165000000000016e-05,4.492547999440297e-7,2.5110000000000073e-5,3.639339999474495e-7
f,1850,-2.5,7.718499999999995e-4,1.9863491217431415e-6,5.134499999999998e-4,1.6383428233630998e-6
f,1850,-2,0.001655409999999999,2.9085301164671215e-6,0.0011170225,2.416134372309025e-6
f,1850,-1.5,0.003275785,4.091294297809559e-6,0.002246064999999999,3.429713168908726e-6
f,1850,-1,0.005568634999999999,5.329255534040097e-6,0.003848818749999999,4.481796714085722e-6
f,1850,-0.5,0.007753485,6.2933362507020086e-6,0.005396522500000002,5.314097259663282e-6
f,1850,0,0.008672665000000005,6.6603585774399944e-6,0.006052892499999994,5.633374173447042e-6
f,1900,-15,2.4406673225000027e-6,2.0536741867041712e-8,1.578083693499999e-6,1.645555365853126e-8
f,1900,-12.5,3.929999999999998e-6,1.4247638738489258e-7,2.5849999999999985e-6,1.1500374954430833e-7
f,1900,-10,7.204999999999997e-6,1.930647251700837e-7,4.649999999999998e-6,1.5540934494987735e-7
f,1900,-7.5,1.4490000000000029e-5,2.731226374685007e-7,9.445000000000017e-6,2.2005916723349646e-7
f,1900,-5,4.075e-5,4.575313588711709e-7,2.602500000000007e-5,3.7001537188651047e-7
f,1900,-2.5,8.052749999999998e-4,2.0292761952839245e-6,5.373000000000003e-4,1.6795250269218597e-6
f,1900,-2,0.0017208650000000007,2.9649862385873744e-6,0.0011642450000000008,2.469520271629695e-6
f,1900,-1.5,0.0033859899999999993,4.159873034955754e-6,0.0023270700000000005,3.4887039491290594e-6
f,1900,-1,0.005724455000000003,5.4123201650557865e-6,0.003967768749999998,4.550203544068171e-6
f,1900,-0.5,0.007954235000000002,6.3746483000836e-6,0.005548719999999999,5.37943252405155e-6
f,1900,0,0.008894444999999997,6.726804867071665e-6,0.006218180000000001,5.697725838918353e-6
f,1950,-15,2.5244994895000034e-6,2.0882751059561513e-8,1.629750178499998e-6,1.6737482285967264e-8
f,1950,-12.5,4.279999999999999e-6,1.48329857482403e-7,2.7699999999999985e-6,1.1874487868430371e-7
f,1950,-10,7.5249999999999966e-6,1.9653023919234402e-7,4.804999999999998e-6,1.5708006272917e-7
f,1950,-7.5,1.4900000000000023e-5,2.764059608433763e-7,9.710000000000026e-6,2.2427177687796558e-7
f,1950,-5,4.225000000000005e-5,4.6589400169432324e-7,2.728750000000002e-5,3.788356630093715e-7
f,1950,-2.5,8.355099999999997e-4,2.0666544058139603e-6,5.591950000000007e-4,1.71472274766646e-6
f,1950,-2,0.0017820650000000004,3.0180740706227705e-6,0.0012066374999999995,2.516524855296002e-6
f,1950,-1.5,0.0034935300000000008,4.2253282123258784e-6,0.0024043125000000032,3.5447279048714035e-6
f,1950,-1,0.005887789999999999,5.482229083752567e-6,0.004086887500000002,4.622172282289153e-6
f,1950,-0.5,0.008167460000000001,6.466404635341167e-6,0.0057039425000000015,5.477323354075493e-6
f,1950,0,0.009117245000000001,6.812258374188914e-6,0.006383627500000004,5.793238533534551e-6
f,2000,-15,2.6211667535000057e-6,2.127366228506958e-8,1.6900839374999987e-6,1.7068325068530917e-8
f,2000,-12.5,4.219999999999997e-6,1.4731252524225488e-7,2.754999999999999e-6,1.1863609885380589e-7
f,2000,-10,7.795000000000014e-6,2.0043613390616462e-7,5.0199999999999985e-6,1.618693442023534e-7
f,2000,-7.5,1.5395000000000018e-5,2.816459857258756e-7,1.0100000000000032e-5,2.2978633176659997e-7
f,2000,-5,4.359500000000003e-5,4.7321450292626294e-7,2.8220000000000048e-5,3.854555444814615e-7
f,2000,-2.5,8.703000000000004e-4,2.1090880010645607e-6,5.829124999999997e-4,1.7487144298058824e-6
f,2000,-2,0.0018414550000000003,3.0669221342622146e-6,0.0012489700000000003,2.557846894785938e-6
f,2000,-1.5,0.003592824999999999,4.282156446347768e-6,0.0024762900000000003,3.5994616703569025e-6
f,2000,-1,0.0060309649999999975,5.5504792725232985e-6,0.004192327499999997,4.690727646336046e-6
f,2000,-0.5,0.008359144999999995,6.531624380151252e-6,0.005846425000000003,5.531266555753862e-6
f,2000,0,0.009330535000000001,6.903428043412959e-6,0.006541587500000003,5.8544553370418905e-6
m,20,-15,0,0,0,0
m,20,-12.5,0,0,0,0
m,20,-10,0,0,0,0
m,20,-7.5,0,0,0,0
m,20,-5,0,0,0,0
m,20,-2.5,0,0,0,0
m,20,-2,0,0,0,0
m,20,-1.5,0,0,0,0
m,20,-1,0,0,0,0
m,20,-0.5,0,0,0,0
m,20,0,0,0,0,0
m,42.5,-15,0,0,0,0
m,42.5,-12.5,0,0,0,0
m,42.5,-10,0,0,0,0
m,42.5,-7.5,0,0,0,0
m,42.5,-5,0,0,0,0
m,42.5,-2.5,0,0,0,0
m,42.5,-2,0,0,0,0
m,42.5,-1.5,0,0,0,0
m,42.5,-1,0,0,0,0
m,42.5,-0.5,0,0,0,0
m,42.5,0,0,0,0,0
m,65,-15,0,0,0,0
m,65,-12.5,0,0,0,0
m,65,-10,0,0,0,0
m,65,-7.5,0,0,0,0
m,65,-5,0,0,0,0
m,65,-2.5,0,0,0,0
m,65,-2,0,0,0,0
m,65,-1.5,0,0,0,0
m,65,-1,0,0,0,0
m,65,-0.5,0,0,0,0
m,65,0,0,0,0,0
m,87.5,-15,0,0,0,0
m,87.5,-12.5,0,0,0,0
m,87.5,-10,0,0,0,0
m,87.5,-7.5,0,0,0,0
m,87.5,-5,0,0,0,0
m,87.5,-2.5,0,0,0,0
m,87.5,-2,0,0,0,0
m,87.5,-1.5,0,0,0,0
m,87.5,-1,0,0,0,0
m,87.5,-0.5,0,0,0,0
m,87.5,0,0,0,0,0
m,110,-15,0,0,0,0
m,110,-12.5,0,0,0,0
m,110,-10,3.33333e-10,2.3570202469325547e-10,1.666665e-10,1.666665e-10
m,110,-7.5,0,0,0,0
m,110,-5,0,0,0,0
m,110,-2.5,0,0,0,0
m,110,-2,1.5000000000000002e-8,8.660254037844388e-9,1e-8,7.071067811865476e-9
m,110,-1.5,2.5000000000000002e-8,1.1180296999632881e-8,1.5000000000000002e-8,8.660254037844388e-9
m,110,-1,4.5e-8,1.4999968033299272e-8,3.4999999999999996e-8,1.3228720308480334e-8
m,110,-0.5,8.499999999999998e-8,2.061561066279629e-8,6e-8,1.732045270770946e-8
m,110,0,1.3499999999999998e-7,2.59802909721966e-8,9e-8,2.1213767322189617e-8
m,132.5,-15,8e-10,4e-10,4e-10,2.82842712474619e-10
m,132.5,-12.5,4.999995e-10,2.886748459196783e-10,4.999995e-10,2.886748459196783e-10
m,132.5,-10,2.9999975e-9,7.453650060346325e-10,2.166665e-9,6.009366956864092e-10
m,132.5,-7.5,2e-9,1.0000646029132319e-9,1.5000000000000002e-9,8.660254037844387e-10
m,132.5,-5,1.0500000000000001e-8,2.291340053331238e-9,7.500000000000001e-9,1.9365200825191564e-9
m,132.5,-2.5,6e-8,1.7320825702027028e-8,5e-8,1.5811357974570056e-8
m,132.5,-2,1.95e-7,3.1224591046161034e-8,1.4500000000000001e-7,2.7839447713631103e-8
m,132.5,-1.5,8.049999999999999e-7,6.344028021099844e-8,5.250000000000001e-7,5.171951608677328e-8
m,132.5,-1,2.155e-6,1.0380402858270965e-7,1.4250000000000001e-6,8.500320722184545e-8
m,132.5,-0.5,3.805e-6,1.3792925055984317e-7,2.5500000000000006e-6,1.1379332333006185e-7
m,132.5,0,4.625e-6,1.5207700506980008e-7,3.08e-6,1.254961464258963e-7
m,140,-15,3.8e-9,8.717872456052565e-10,2.4000000000000004e-9,6.92833028081081e-10
m,140,-12.5,3.4999999999999995e-9,7.63777925108974e-10,2.4999989999999997e-9,6.455064359764415e-10
m,140,-10,4.6666595e-9,9.128843829274356e-10,3.1666659999999997e-9,7.264899517515818e-10
m,140,-7.5,8.5e-9,2.0615250762481644e-9,6.5e-9,1.8028061543050047e-9
m,140,-5,2.8e-8,3.7418734091361245e-9,1.8000000000000006e-8,3.0000296815198342e-09
m,140,-2.5,1.95e-7,3.201527115299822e-8,1.1500000000000001e-7,2.3979407040208482e-8
m,140,-2,6.200000000000001e-7,5.612593188981364e-8,3.7000000000000006e-7,4.3590294940502526e-8
m,140,-1.5,1.97e-6,9.975450023808449e-8,1.2400000000000002e-6,7.968830962725964e-8
m,140,-1,5.02e-6,1.5875303634734046e-7,3.3150000000000004e-6,1.2932859245541955e-7
m,140,-0.5,8.76e-6,2.0963978595319162e-7,5.835e-6,1.7183780897258904e-7
m,140,0,1.0525e-5,2.3013236615750076e-7,6.96e-6,1.8775000519840208e-7
m,155,-15,9.8e-9,1.4282392869543954e-9,6.400000000000001e-9,1.1313759177214263e-9
m,155,-12.5,1.6166668499999997e-8,1.675046017056889e-9,9.833336500000001e-9,1.2801569295632768e-9
m,155,-10,2.4666663e-8,2.0275654353280754e-9,1.6000003499999997e-8,1.6329968983196728e-9
m,155,-7.5,3.5499999999999994e-8,4.27209959299874e-9,2.4500000000000004e-8,3.5000632922848693e-9
m,155,-5,7.6e-8,6.324803268481953e-9,4.749999999999999e-8,4.974890023407553e-9
m,155,-2.5,7.8e-7,6.244902332302723e-8,5.05e-7,5.1234522784934767e-8
m,155,-2,2.5e-6,1.1202959888685669e-7,1.6400000000000004e-6,9.165185520217253e-8
m,155,-1.5,7.935000000000001e-6,1.994270272856716e-7,5.0800000000000005e-6,1.60777217673245e-7
m,155,-1,1.8445e-5,3.0444988040726836e-7,1.2015e-5,2.47446062527776e-7
m,155,-0.5,3.074e-5,3.930626862038039e-7,2.017e-5,3.1977894192473027e-7
m,155,0,3.5615e-5,4.2309581377508335e-7,2.3444999999999997e-5,3.449909623406822e-7
m,177.5,-15,3.1e-8,2.489908038462465e-9,2.0799999999999994e-8,2.0396215513668218e-9
m,177.5,-12.5,4.599999949999999e-8,2.778877675606937e-9,2.7666663500000006e-8,2.14742164749221e-9
m,177.5,-10,7.8666711e-8,3.628655955619689e-9,5.18333365e-8,2.9861561289638482e-9
m,177.5,-7.5,1.485e-7,8.67469031378066e-9,9.650000000000001e-8,7.088973563041408e-9
m,177.5,-5,2.784999999999999e-7,1.2010251714160699e-8,1.8300000000000004e-7,9.695376612334354e-9
m,177.5,-2.5,3.715e-6,1.373887611396944e-7,2.3849999999999988e-6,1.1011220555415279e-7
m,177.5,-2,1.0885e-5,2.3445337331972854e-7,6.985e-6,1.890072235888089e-7
m,177.5,-1.5,3.055e-5,3.920498254176375e-7,1.9859999999999996e-5,3.186188997383865e-7
m,177.5,-1,6.525e-5,5.721556299002047e-7,4.285999999999999e-5,4.668564803823547e-7
m,177.5,-0.5,1.0515e-4,7.260391762956047e-7,6.9215e-5,5.93116940013308e-7
m,177.5,0,1.2256e-4,7.8358112139395e-7,8.0675e-5,6.404560874708742e-7
m,200,-15,6.480000000000001e-8,3.6221890472475338e-9,4.2400000000000016e-8,2.9394469788040064e-9
m,200,-12.5,1.1866660149999998e-7,4.509268232650148e-9,7.500001149999999e-8,3.5747462525066566e-9
m,200,-10,2.0666663000000001e-7,5.9295199406239235e-9,1.314999985e-7,4.699066658117175e-9
m,200,-7.5,3.7600000000000003e-7,1.3784923635533857e-8,2.42e-7,1.1090765094663217e-8
m,200,-5,7.165000000000003e-7,1.9151155773803836e-8,4.6199999999999993e-7,1.539386197807425e-8
m,200,-2.5,1.037e-5,2.2880954514180566e-7,6.449999999999998e-6,1.827603581606252e-7
m,200,0,2.7505e-4,1.1751715836369384e-6,1.8198499999999996e-4,9.622205036023446e-7
m,250,-15,2.3539999999999998e-7,6.948449594780118e-9,1.4939999999999997e-7,5.524555702533915e-9
m,250,-12.5,3.7483328100000007e-7,7.967017354234641e-9,2.37666667e-7,6.351212674821571e-9
m,250,-10,6.401667829999999e-7,1.0406806670445927e-8,4.120000430000001e-7,8.330823901329791e-9
m,250,-7.5,1.1874999999999996e-6,2.461367735629928e-8,7.720000000000001e-7,1.9809568303600154e-8
m,250,-5,2.5885e-6,3.635138486619183e-8,1.6260000000000002e-6,2.867998960163689e-8
m,250,-2.5,4.0675000000000006e-5,4.525599387815939e-7,2.574e-5,3.6419586677294957e-7
m,250,-2,1.03775e-4,7.222156166410763e-7,6.713500000000001e-5,5.87073233392777e-7
m,250,-1.5,2.4808999999999996e-4,1.1160875126409219e-6,1.6191000000000003e-4,9.108132829286417e-7
m,250,-1,4.8338e-4,1.5567943984120062e-6,3.18805e-4,1.2766140261577695e-6
m,250,-0.5,7.318100000000001e-4,1.9158857938006115e-6,4.861199999999999e-4,1.5756071895452717e-6
m,250,0,8.3639e-4,2.046427978105631e-6,5.571549999999999e-4,1.6870170598183794e-6
m,300,-15,4.4839999999999997e-7,9.53272339367927e-9,2.8839999999999996e-7,7.688815964555269e-9
m,300,-12.5,7.29666653e-7,1.1099609712189391e-8,4.6366658149999996e-7,8.903566295749344e-9
m,300,-10,1.2770004215e-6,1.4695300525595905e-8,8.133333195e-7,1.1773795067954958e-8
m,300,-7.5,2.3614999999999993e-6,3.474225912034218e-8,1.5265000000000001e-6,2.7823476558340074e-8
m,300,-5,5.510499999999999e-6,5.303745661690425e-8,3.493500000000001e-6,4.232803177402062e-8
m,300,-2.5,9.381999999999999e-5,6.868271383148383e-7,5.9485000000000004e-5,5.526604148093565e-7
m,300,-2,2.2841500000000001e-4,1.071200643147795e-6,1.4774000000000002e-4,8.713864235088244e-7
m,300,-1.5,5.10875e-4,1.600633376455942e-6,3.34835e-4,1.3111389004854711e-6
m,300,-1,9.460500000000001e-4,2.177442817081771e-6,6.2622e-4,1.7912499205639202e-6
m,300,-0.5,0.0013906449999999998,2.64078163128992e-6,9.2781e-4,2.179497887780578e-6
m,300,0,0.0015821249999999998,2.81580750387744e-6,0.001058355,2.3274693658125777e-6
m,350,-15,6.876e-7,1.179467540814922e-8,4.346e-7,9.400239270231368e-9
m,350,-12.5,1.1563327129999998e-6,1.398155212868311e-8,7.370000480000001e-7,1.1218464176100819e-8
m,350,-10,2.024499903e-6,1.8523798710926247e-8,1.3018333465000004e-6,1.4886927742054903e-8
m,350,-7.5,3.964999999999999e-6,4.501620457351996e-8,2.5375e-6,3.589388854408226e-8
m,350,-5,9.234500000000003e-6,6.862418163096736e-8,5.836000000000001e-6,5.462957730341687e-8
m,350,-2.5,1.6274000000000006e-4,9.050139877046101e-7,1.0377e-4,7.312025800258777e-7
m,350,-2,3.8201e-4,1.384324127824387e-6,2.4770999999999994e-4,1.1287404926718098e-6
m,350,-1.5,8.271000000000001e-4,2.0367942991466395e-6,5.43355e-4,1.6707968267195895e-6
m,350,-1,0.0014801500000000002,2.7239659341432667e-6,9.831350000000004e-4,2.2469468974600297e-6
m,350,-0.5,0.002134885,3.269999041227459e-6,0.0014294950000000005,2.7088876320866003e-6
m,350,0,0.0024057799999999997,3.47309645067334e-6,0.00161567,2.8772332934506716e-6
m,400,-15,9.604000000000004e-7,1.3977523118507086e-8,6.06e-7,1.1161137324502372e-8
m,400,-12.5,1.6485001189999995e-6,1.6693771057816e-8,1.0418332360000002e-6,1.3337279821174699e-8
m,400,-10,2.8501662495000003e-6,2.1974860415164684e-8,1.8353329734999998e-6,1.7705334967098103e-8
m,400,-7.5,5.5980000000000004e-6,5.3393647985715486e-8,3.5775000000000005e-6,4.272889411659867e-8
m,400,-5,1.3315000000000002e-5,8.229124076270208e-8,8.4465e-6,6.58961151768638e-8
m,400,-2.5,2.4659499999999995e-4,1.113661284075414e-6,1.58175e-4,9.044984643129584e-7
m,400,-2,5.574299999999998e-4,1.6723800127586885e-6,3.64505e-4,1.3720424007998988e-6
m,400,-1.5,0.0011646649999999998,2.4171982927496352e-6,7.70595e-4,1.9928558655635385e-6
m,400,-1,0.0020438450000000003,3.201231215861602e-6,0.001368605,2.652811439089622e-6
m,400,-0.5,0.0029029600000000004,3.8147773716052225e-6,0.0019560150000000006,3.1703711309248954e-6
m,400,0,0.0032576099999999993,4.04059291803672e-6,0.00220114,3.3608512910112896e-6
m,450,-15,1.2630000000000004e-6,1.6036765216426905e-8,7.985999999999999e-7,1.2798614727102305e-8
m,450,-12.5,2.0391662660000006e-6,1.8600699996264395e-8,1.2958338029999998e-6,1.4847448702194468e-8
m,450,-10,3.702666331e-6,2.5056173476258054e-8,2.3698339275e-6,2.013695451177167e-8
m,450,-7.5,7.299499999999999e-6,6.087807205336746e-8,4.693000000000003e-6,4.904517692039147e-8
m,450,-5,1.8205000000000003e-5,9.616008718023295e-8,1.1553250000000003e-5,7.709148093766586e-8
m,450,-2.5,3.344550000000001e-4,1.2959256999289155e-6,2.1504999999999994e-4,1.0555708305470316e-6
m,450,-2,7.42375e-4,1.9300626455785704e-6,4.8461000000000006e-4,1.5823456617947767e-6
m,450,-1.5,0.0015124049999999997,2.753714482779215e-6,0.0010038050000000002,2.2745998779384253e-6
m,450,-1,0.0026115649999999997,3.6155155907850813e-6,0.0017552399999999995,3.0071932346191184e-6
m,450,-0.5,0.00366856,4.285945254857556e-6,0.0024861900000000005,3.575161755108466e-6
m,450,0,0.00411104,4.535873583382148e-6,0.002792085000000001,3.7901108533985525e-6
m,500,-15,1.5424000000000005e-6,1.7716930559360445e-8,9.798000000000003e-7,1.4184413475360904e-8
m,500,-12.5,2.4890007375000004e-6,2.0554793770083704e-8,1.5792514450000002e-6,1.638715469407769e-8
m,500,-10,4.540000450000001e-6,2.771400792248418e-8,2.9105007160000012e-6,2.2311739001125096e-8
m,500,-7.5,9.023499999999998e-6,6.771254632965e-8,5.783000000000003e-6,5.4430751823211115e-8
m,500,-5,2.2697000000000003e-5,1.0736095128610544e-7,1.4418000000000005e-5,8.623740986899187e-8
m,500,-2.5,4.2939625e-4,7.343823911971776e-7,2.7742249999999994e-4,5.99181118544862e-7
m,500,-2,9.343800000000001e-4,1.082365295082899e-6,6.138274999999998e-4,8.912845049979834e-7
m,500,-1.5,0.0018625115000000005,1.5274560593962068e-6,0.0012430162500000003,1.266990356350508e-6
m,500,-1,0.00316342025,1.9931950364461967e-6,0.0021365462499999995,1.6578499052899154e-6
m,500,-0.5,0.004407587749999999,2.3523829497854363e-6,0.003000106249999999,1.9667130828365517e-6
m,500,0,0.004927850750000001,2.4801979286254196e-6,0.00336300675,2.0820668880263462e-6
m,511,-15,1.6068000000000004e-6,1.8071734341949582e-8,1.0192000000000003e-6,1.4480606209409882e-8
m,511,-12.5,2.5853335939999993e-6,2.0912109422308e-8,1.6540832975000002e-6,1.6810520591594594e-8
m,511,-10,4.695999452000004e-6,2.818884334218985e-8,3.0065002075000005e-6,2.2681248906540227e-8
m,511,-7.5,9.362499999999997e-6,6.893258314297018e-8,6.0025e-6,5.539340834941464e-8
m,511,-5,2.3909e-5,1.1021942124766396e-7,1.5217499999999996e-5,8.84922889090202e-8
m,511,-2.5,4.50945e-4,7.525047822100431e-7,2.91835e-4,6.147997871434067e-7
m,511,-2,9.774837499999997e-4,1.1070072944236439e-6,6.431549999999999e-4,9.114893251184089e-7
m,511,-1.5,0.0019406589999999995,1.560113254660126e-6,0.0012968550000000006,1.2938710268610564e-6
m,511,-1,0.00328752275,2.028938429229714e-6,0.00222259125,1.690670668326074e-6
m,511,-0.5,0.004570827,2.3953372124748285e-6,0.00311448025,1.9997969424913465e-6
m,511,0,0.00510916975,2.531047937704695e-6,0.003489842100000001,2.1178090848566754e-6
m,550,-15,1.8082000000000005e-6,1.9178265325790027e-8,1.1422000000000007e-6,1.5318638145723006e-8
m,550,-12.5,2.9936660835000003e-6,2.2520006608234098e-8,1.9073339164999988e-6,1.8116626181863403e-8
m,550,-10,5.369499380500001e-6,3.0155039329136486e-8,3.4551668144999994e-6,2.4365361964765282e-8
m,550,-7.5,1.0757999999999998e-5,7.386790043471183e-8,6.868000000000004e-6,5.9368823512892684e-8
m,550,-5,2.8137000000000005e-5,1.1956883164612758e-7,1.7914500000000013e-5,9.621862861271982e-8
m,550,-2.5,5.290012499999998e-4,8.149960532496653e-7,3.433087499999999e-4,6.66961600702734e-7
m,550,-2,0.0011285849999999997,1.189876082127108e-6,7.449600000000001e-4,9.820359726709038e-7
m,550,-1.5,0.0022136977499999998,1.6678302921954947e-6,0.001483981,1.383900181922545e-6
m,550,-1,0.0037121172500000008,2.1544941973929258e-6,0.00251845625,1.8008896907702181e-6
m,550,-0.5,0.00513336075,2.5384669414216286e-6,0.003508760000000001,2.125455668035401e-6
m,550,0,0.0057249324999999966,2.676815953736296e-6,0.00392320165,2.247329697626886e-6
m,600,-15,2.031200000000002e-6,2.030692184057446e-8,1.2798000000000004e-6,1.6240486402839044e-8
m,600,-12.5,3.493333445e-6,7.68837480376908e-8,2.2166668649999994e-6,6.114586099056221e-8
m,600,-10,6.27499952e-6,1.0306190222579437e-7,3.990000054999998e-6,8.259242681240337e-8
m,600,-7.5,1.235500000000001e-5,2.512404176351807e-7,8.045000000000009e-6,2.0462254942698759e-7
m,600,-5,3.3505000000000005e-5,4.123385376677761e-7,2.1065000000000002e-5,3.292454339455599e-7
m,600,-2.5,6.3086875e-4,8.898068979298e-7,4.1198064999999995e-4,7.317624222170619e-7
m,600,-2,0.00132433725,1.288488690687613e-6,8.784212499999999e-4,1.066745507266494e-6
m,600,-1.5,0.0025594615000000005,1.7916577491160804e-6,0.0017229592500000003,1.4924539560514794e-6
m,600,-1,0.004241395250000001,2.300725060721979e-6,0.0028886174999999993,1.932885321389094e-6
m,600,-0.5,0.005826315499999998,2.6963472141022893e-6,0.0039987619,2.2716168368632588e-6
m,600,0,0.006482061999999999,2.84924557675855e-6,0.004461965850000001,2.3945671407483686e-6
m,650,-15,2.3154000000000007e-6,2.1657128207627156e-8,1.4750000000000007e-6,1.7452461627621478e-8
m,650,-12.5,4.05333337e-6,8.266150966704082e-8,2.53500008e-6,6.593128858724947e-8
m,650,-10,6.881666820000001e-6,1.0773951849114613e-7,4.449999805e-6,8.717807854124165e-8
m,650,-7.5,1.4615000000000007e-5,2.71794429209835e-7,9.395000000000007e-6,2.198456854261643e-7
m,650,-5,3.8475e-5,4.413449860698545e-7,2.452000000000001e-5,3.5665347243227564e-7
m,650,-2.5,7.352812500000001e-4,9.609138200753067e-7,4.819344e-4,7.916270694942455e-7
m,650,-2,0.00152148125,1.3814842262375989e-6,0.0010129194000000005,1.1465987218614656e-6
m,650,-1.5,0.0028991177499999997,1.908993266315675e-6,0.0019603356,1.5948510736459023e-6
m,650,-1,0.004752036000000001,2.442258565862673e-6,0.0032509809000000004,2.047361746374375e-6
m,650,-0.5,0.006488518749999999,2.849022944054546e-6,0.00447203065,2.40320628163026e-6
m,650,0,0.007205184749999999,3.0044915535782206e-6,0.004980296349999999,2.538140227188038e-6
m,661.6,-15,2.3640000000000023e-6,2.189944109612845e-8,1.5076000000000008e-6,1.762986969974537e-8
m,661.6,-12.5,4.049999595e-6,8.253047999960936e-8,2.5300003200000002e-6,6.5994510946477e-8
m,661.6,-10,6.9400011e-6,1.0813334402185067e-7,4.495000300000001e-6,8.770520520860098e-8
m,661.6,-7.5,1.4995000000000013e-5,2.7560539714281727e-7,9.640000000000011e-6,2.2271078548815271e-7
m,661.6,-5,3.9989999999999995e-5,4.4989850203240287e-7,2.5560000000000006e-5,3.639675585567345e-7
m,661.6,-2.5,7.589562499999998e-4,9.758794744363928e-7,4.977144000000001e-4,8.043429929210569e-7
m,661.6,-2,0.001565131,1.4019537561031822e-6,0.0010427256500000002,1.1625893404208508e-6
m,661.6,-1.5,0.002975057749999999,1.9290553564273744e-6,0.002013566500000001,1.615501068825972e-6
m,661.6,-1,0.004867740499999998,2.4661554472005508e-6,0.0033332415,2.079134027151485e-6
m,661.6,-0.5,0.00663647275,2.875467726537485e-6,0.004578711749999997,2.435261613981797e-6
m,661.6,0,0.007366633749999999,3.0279368880116444e-6,0.005096522600000001,2.5623107485128493e-6
m,700,-15,2.5746000000000007e-6,2.2864095104779457e-8,1.639800000000001e-6,1.8409939266591832e-8
m,700,-12.5,4.518334964999999e-6,8.716702477739258e-8,2.8583323399999994e-6,6.982155354509495e-8
m,700,-10,7.939999820000005e-6,1.1580737833910398e-7,5.08666692e-6,9.34471956236038e-8
m,700,-7.5,1.6255000000000013e-5,2.870062333948517e-7,1.0375000000000001e-5,2.3061199573363478e-7
m,700,-5,4.3934999999999985e-5,4.7171891112610686e-7,2.8145e-5,3.82267504745695e-7
m,700,-2.5,8.406237500000005e-4,1.0276699167269434e-6,5.526374999999998e-4,8.477594450935435e-7
m,700,-2,0.0017120712500000002,1.4646560035335517e-6,0.0011443887500000001,1.2196419038046961e-6
m,700,-1.5,0.003227047500000001,2.011452183613904e-6,0.0021909180000000005,1.6856690445481391e-6
m,700,-1,0.0052482564999999995,2.570161474265542e-6,0.0036033599999999995,2.157251668007294e-6
m,700,-0.5,0.007127421500000001,2.9837124078459853e-6,0.004931482750000001,2.5324462811784044e-6
m,700,0,0.007900341499999998,3.1409648783690988e-6,0.005481041250000001,2.66031935751649e-6
m,750,-15,2.8580000000000025e-6,2.4106125849493112e-08,1.8110000000000014e-6,1.9364432433459032e-8
m,750,-12.5,4.688332629999999e-6,8.874158122837114e-8,3.011666199999998e-6,7.193791923797424e-8
m,750,-10,8.843333645000001e-6,1.2211018090098558e-7,5.670000645000002e-6,9.857472676512372e-8
m,750,-7.5,1.7879999999999998e-5,3.008101246014669e-7,1.144000000000001e-5,2.4186692141340876e-7
m,750,-5,4.982499999999999e-5,5.019988516744833e-7,3.1984999999999986e-5,4.0866710861103073e-7
m,750,-2.5,9.440400000000002e-4,1.089058914745727e-6,6.231262499999999e-4,9.00457183175337e-7
m,750,-2,0.00190503875,1.546773247370908e-6,0.0012781202499999996,1.2890824939271004e-6
m,750,-1.5,0.0035482447500000003,2.108250427100831e-6,0.0024186560500000006,1.770142992920619e-6
m,750,-1,0.005724065499999999,2.675349894212373e-6,0.00394592905,2.2639695727896003e-6
m,750,-0.5,0.007733931500000003,3.11301273427089e-6,0.0053713271000000035,2.630108402102558e-6
m,750,0,0.008556949500000003,3.270334750151004e-6,0.0059607595,2.7775624442178052e-6
m,800,-15,3.0472000000000015e-6,2.4848771161061465e-8,1.938200000000002e-6,2.0034311038416073e-8
m,800,-12.5,5.036667355000002e-6,9.201275161065606e-8,3.2000000799999997e-6,7.397416276417947e-8
m,800,-10,9.473332769999999e-6,1.266190967145547e-7,6.144999460000001e-6,1.0302541419726249e-7
m,800,-7.5,1.975500000000001e-5,3.1587584926439056e-7,1.2580000000000012e-5,2.5348528591074086e-7
m,800,-5,5.635999999999999e-5,5.343247459726624e-7,3.6199999999999985e-5,4.3415706220531523e-7
m,800,-2.5,0.00104705625,1.1468987882195554e-6,6.947619000000003e-4,9.512171521700124e-7
m,800,-2,0.0020910784999999994,1.6179124566386153e-6,0.0014091971499999999,1.3530843888842413e-6
m,800,-1.5,0.003857649750000001,2.202449554158956e-6,0.0026390144,1.8537222015991266e-6
m,800,-1,0.006175899999999998,2.7744945027818407e-6,0.004272734399999999,2.3498763607148966e-6
m,800,-0.5,0.0083083305,3.2214648303587207e-6,0.005791631249999998,2.7351244615883694e-6
m,800,0,0.0091810275,3.3796626633306022e-6,0.006420076500000003,2.883518045803604e-6
m,850,-15,3.3128000000000024e-6,2.591047855995717e-8,2.107200000000002e-6,2.0844884016410355e-8
m,850,-12.5,5.383333104999999e-6,9.527705607922911e-8,3.4449988999999986e-6,7.712074587594255e-8
m,850,-10,1.0298332660000007e-5,1.315568831941108e-7,6.616667195000002e-6,1.0680218863412081e-7
m,850,-7.5,2.1640000000000013e-5,3.309954040375788e-7,1.3805000000000014e-5,2.655585724576597e-7
m,850,-5,6.226e-5,5.614760918979544e-7,4.0079999999999996e-5,4.560796019676828e-7
m,850,-2.5,0.0011527187499999999,1.2026647937653061e-6,7.6720815e-4,9.99969176230838e-7
m,850,-2,0.0022757487500000007,1.6887241486840278e-6,0.0015397772000000005,1.4166676506511308e-6
m,850,-1.5,0.0041612455,2.2822016054147054e-6,0.0028577739999999987,1.9282746380336716e-6
m,850,-1,0.006615683000000001,2.871410084934463e-6,0.004593829700000002,2.439165127535949e-6
m,850,-0.5,0.008864921,3.3466030250522625e-6,0.0062027229999999985,2.831046888334467e-6
m,850,0,0.009783951499999999,3.5143767005715024e-6,0.006865919999999999,2.981289432321752e-6
m,900,-15,3.5596000000000036e-6,2.6849458499716525e-8,2.2716000000000034e-6,2.1666761834948932e-8
m,900,-12.5,5.90333241e-6,9.988807645365332e-8,3.771667154999998e-6,8.046536714912768e-8
m,900,-10,1.097666712e-5,1.3587382869305647e-7,7.003335170000002e-6,1.0944650876587229e-7
m,900,-7.5,2.3760000000000027e-5,3.468314449768793e-7,1.5105000000000012e-5,2.7854029180847437e-7
m,900,-5,6.938500000000001e-5,5.919244733549206e-7,4.4879999999999984e-5,4.836885185183746e-7
m,900,-2.5,0.0012571375,1.2560748430102352e-6,8.396075499999998e-4,1.0465786438672559e-6
m,900,-2,0.0024615787500000003,1.7552967149927022e-6,0.0016707547999999998,1.476606534959621e-6
m,900,-1.5,0.004455805249999999,2.362073223391786e-6,0.0030707833999999985,1.9962756645067172e-06
m,900,-1,0.0070403885000000005,2.977386941148467e-6,0.0049051744500000025,2.5232309565603643e-6
m,900,-0.5,0.0093981715,3.4331368567914783e-6,0.006598089499999999,2.9396100988057e-6
m,900,0,0.010363030750000002,3.601890412041524e-6,0.007297807000000002,3.0660307301236726e-6
m,950,-15,3.857799999999996e-6,2.7931133975690995e-8,2.4692000000000042e-6,2.2638869745833163e-8
m,950,-12.5,6.4666665149999975e-6,1.0453664587370246e-7,4.154999674999999e-6,8.470440212761108e-8
m,950,-10,1.1828333010000003e-5,1.4124175515500123e-7,7.5316667849999995e-6,1.1391302807044395e-7
m,950,-7.5,2.569500000000001e-5,3.601247021633618e-7,1.6495000000000017e-5,2.9193371934267897e-7
m,950,-5,7.457e-5,6.13674718221103e-7,4.8484999999999994e-5,5.041314422643165e-7
m,950,-2.5,0.00136055625,1.3065909695453008e-6,9.120481500000002e-4,1.0902845257027206e-6
m,950,-2,0.002640511749999999,1.8212636209586615e-6,0.0017976133500000003,1.5296596065454955e-6
m,950,-1.5,0.004744265749999999,2.4380897680091405e-6,0.0032802877500000007,2.0683002141205064e-6
m,950,-1,0.007448213999999998,3.056316210490835e-6,0.005206674000000002,2.599233181284834e-6
m,950,-0.5,0.009910701500000004,3.5147656676644536e-6,0.006980544400000001,3.017818586369728e-6
m,950,0,0.010913518250000002,3.676685046067812e-6,0.007710705,3.1724677948655313e-6
m,1000,-15,4.103500550000002e-6,2.633758310347768e-8,2.6154996815000004e-6,2.1288415488792123e-8
m,1000,-12.5,6.988333524999998e-6,1.0874260459351869e-7,4.45499918e-6,8.751275336577506e-8
m,1000,-10,1.2530000910000003e-5,1.4530945928069665e-7,7.996667129999997e-6,1.1766427858073331e-7
m,1000,-7.5,2.773500000000003e-5,3.741720442423512e-7,1.7785000000000027e-5,3.0361038845945315e-7
m,1000,-5,8.261499999999998e-5,6.460971432335079e-7,5.3684999999999985e-5,5.2984223969192e-7
m,1000,-2.5,0.001464062500000001,1.3562598019076848e-6,9.846212500000005e-4,1.1334608564395173e-6
m,1000,-2,0.0028189900000000013,1.8787768662710462e-6,0.0019250312499999994,1.5854157014614385e-06
m,1000,-1.5,0.00502283575,2.5085016551808898e-6,0.0034838740500000008,2.1328487866443632e-6
m,1000,-1,0.007840844,3.1287192608584207e-6,0.005499049500000002,2.6683146524157027e-6
m,1000,-0.5,0.010397527500000002,3.6151126220264255e-6,0.007346634999999998,3.0891890747566994e-6
m,1000,0,0.011441027,3.7878103081766674e-6,0.008107980499999999,3.2437773046368227e-6
m,1022,-15,4.188500042999999e-6,2.6597013579150192e-8,2.6740001874999964e-6,2.153733506613488e-8
m,1022,-12.5,7.013334424999997e-6,1.089320299762153e-7,4.53000043e-6,8.831878762697749e-8
m,1022,-10,1.2943331980000005e-5,1.4784878659097765e-7,8.239999589999996e-6,1.1909318610136837e-7
m,1022,-7.5,2.8614999999999993e-5,3.8043160432395714e-7,1.8200000000000022e-5,3.0716485020506516e-7
m,1022,-5,8.452999999999998e-5,6.533020615812033e-7,5.4994999999999984e-5,5.362955855878362e-7
m,1022,-2.5,0.0015095400000000004,1.376530379856814e-6,0.0010164206499999999,1.1519059479400194e-6
m,1022,-2,0.002896729999999999,1.9049913156926683e-6,0.0019810942500000013,1.6095542641932293e-6
m,1022,-1.5,0.0051436495,2.5359629323829416e-6,0.003572759,2.15451587234014e-6
m,1022,-1,0.008012619499999998,3.1660100282321745e-6,0.005627189549999999,2.705492289203277e-6
m,1022,-0.5,0.010606910999999997,3.6553792778794187e-6,0.007506192000000003,3.1293950484289496e-6
m,1022,0,0.011668346750000003,3.8236746468534815e-6,0.0082814955,3.2869332062897774e-6
m,1050,-15,4.288165444000001e-6,2.6917785502795016e-8,2.74033398e-6,2.1808367451940574e-8
m,1050,-12.5,7.226667050000001e-6,1.1060470210503122e-7,4.696666869999998e-6,8.98460382495532e-8
m,1050,-10,1.3438334875000006e-5,1.5070476570695608e-7,8.536666814999994e-6,1.2109171242022239e-7
m,1050,-7.5,2.9070000000000018e-5,3.8313650362305604e-7,1.8625000000000022e-5,3.1132150303343976e-7
m,1050,-5,8.779499999999995e-5,6.663733842343943e-7,5.6927499999999986e-5,5.45545192568235e-7
m,1050,-2.5,0.0015684014999999998,1.4014550021796852e-6,0.00105818065,1.1762293945864176e-6
m,1050,-2,0.0029961655000000013,1.938008554672743e-6,0.00205230805,1.6391155501977013e-6
m,1050,-1.5,0.0052962522499999986,2.5713691005284878e-6,0.0036861022000000015,2.1963122572846555e-6
m,1050,-1,0.008224316,3.2152279525008374e-6,0.005787069249999998,2.754260019828544e-6
m,1050,-0.5,0.0108661895,3.6834625852511873e-6,0.007704913749999997,3.1810448398977243e-6
m,1050,0,0.01194731325,3.882569141158708e-6,0.008496572499999999,3.3403338561586213e-6
m,1100,-15,4.5138329145000015e-6,2.7591137679356266e-8,2.8816666539999994e-6,2.2320823635330934e-8
m,1100,-12.5,7.4833325849999965e-6,1.1239794911054712e-7,4.8583325899999996e-6,9.115263287784827e-8
m,1100,-10,1.4144999085000005e-5,1.5456265301734916e-7,9.054165290000001e-6,1.2462598218619987e-7
m,1100,-7.5,3.115999999999997e-5,3.9633490406473153e-7,2.0100000000000035e-5,3.234988024800091e-7
m,1100,-5,9.560499999999999e-5,6.954937370462082e-7,6.2095e-5,5.693984719728354e-7
m,1100,-2.5,0.0016692075,1.4462685688644049e-6,0.0011300621999999999,1.216059234831114e-6
m,1100,-2,0.0031660674999999987,1.994699584103068e-6,0.0021760084000000007,1.6864595833941258e-6
m,1100,-1.5,0.005559421250000002,2.6471503450856134e-6,0.003882116250000001,2.2545352858560273e-6
m,1100,-1,0.0085954485,3.280915932901099e-6,0.006067302300000002,2.812512667838186e-6
m,1100,-0.5,0.01132666225,3.769937574377898e-6,0.008054470999999997,3.240532159692926e-6
m,1100,0,0.012442170499999999,3.9456441098156205e-6,0.008874225500000004,3.399203442030397e-6
m,1150,-15,4.77016639e-6,2.8347301045642293e-8,3.0605005479999996e-6,2.3035414378220954e-8
m,1150,-12.5,7.636665844999999e-6,1.1357902172726639e-7,4.968333564999999e-6,9.235817017441329e-8
m,1150,-10,1.491999855500001e-5,1.5869003043423846e-7,9.530833610000009e-6,1.2779707851797916e-7
m,1150,-7.5,3.2825e-5,4.0719389791903814e-7,2.0990000000000035e-5,3.2944852201178574e-7
m,1150,-5,1.0141500000000003e-4,7.158232479395664e-7,6.610000000000005e-5,5.876097572651854e-7
m,1150,-2.5,0.0017689162499999996,1.4911555659013876e-6,0.0012016358999999996,1.2548034436421223e-6
m,1150,-2,0.003329018500000001,2.04518552837635e-6,0.0022953348499999988,1.7338319956705671e-6
m,1150,-1.5,0.005815516250000003,2.7012635900744573e-6,0.004072862949999998,2.3084571061661388e-6
m,1150,-1,0.008949600999999996,3.356877900441014e-6,0.006334801299999999,2.867608508784659e-6
m,1150,-0.5,0.01176097325,3.8215068528664e-6,0.008387072000000008,3.326378795591124e-6
m,1150,0,0.012906347499999998,4.020364049772456e-6,0.009231690499999999,3.484881927213484e-6
m,1173,-15,4.841499121000003e-6,2.8559796474708723e-8,3.1079170179999962e-6,2.3214116856528745e-8
m,1173,-12.5,8.013332225e-6,1.165712457395322e-7,5.179999850000002e-6,9.43131025935478e-8
m,1173,-10,1.510833337500001e-5,1.5962885968148774e-7,9.708332745000005e-6,1.2896742263194387e-7
m,1173,-7.5,3.329000000000002e-5,4.104965216058475e-7,2.1400000000000022e-5,3.328672034276582e-7
m,1173,-5,1.0342000000000004e-4,7.23026787869578e-7,6.7805e-5,5.950104020980432e-7
m,1173,-2.5,0.0018138029999999986,1.5073356134931583e-6,0.0012342073500000007,1.2720753362216998e-6
m,1173,-2,0.0034048379999999994,2.0631504136520498e-6,0.00235088535,1.7533229406794875e-6
m,1173,-1.5,0.005929520000000002,2.7287322113070663e-6,0.00415853965,2.3387134187309694e-6
m,1173,-1,0.009106090500000004,3.390724446399712e-6,0.006454426300000004,2.901610974453333e-6
m,1173,-0.5,0.011953565500000006,3.851221863751273e-6,0.008537038649999995,3.328347073907355e-6
m,1173,0,0.013114249499999998,4.061963925039057e-6,0.009393145249999995,3.5250628985997965e-6
m,1200,-15,5.021833276500004e-6,2.91005850824103e-8,3.2274996449999986e-6,2.3656699196023655e-8
m,1200,-12.5,8.39000000000002e-6,2.0591151257579055e-7,5.459999999999995e-6,1.6792575034594894e-7
m,1200,-10,1.592500000000003e-5,2.839538049921149e-7,1.0165000000000027e-5,2.276670173938244e-7
m,1200,-7.5,3.407500000000004e-5,4.151055517811104e-7,2.1865000000000025e-5,3.3625690497891636e-7
m,1200,-5,1.0665999999999999e-4,7.343931839707868e-7,6.983249999999997e-5,6.030930201447473e-7
m,1200,-2.5,0.001866850000000001,1.5303557042968497e-6,0.0012716980999999997,1.291601720282768e-6
m,1200,-2,0.0034917937499999983,2.094964028148739e-6,0.00241413535,1.7808258874528096e-6
m,1200,-1.5,0.006063967749999998,2.7509489981236057e-6,0.004258652100000002,2.3593641481246428e-06
m,1200,-1,0.009288954499999995,3.4071001165102534e-6,0.006594590150000001,2.9403797982234837e-6
m,1200,-0.5,0.01217784874999999,3.899022347759088e-6,0.008710869149999998,3.370395319414503e-6
m,1200,0,0.013353865250000003,4.069465817424264e-6,0.009579600250000002,3.529334374449501e-6
m,1250,-15,5.208333174000003e-6,2.964117345677251e-8,3.3579173910000023e-6,2.416382458681465e-8
m,1250,-12.5,8.900000000000033e-6,2.122520362593724e-7,5.839999999999996e-6,1.7464058477842413e-7
m,1250,-10,1.6625000000000055e-5,2.8985634152843717e-7,1.0765000000000021e-5,2.3469205138169882e-7
m,1250,-7.5,3.619499999999997e-5,4.279770137253286e-7,2.319500000000003e-5,3.4629442032575405e-7
m,1250,-5,1.1333499999999994e-4,7.564381276907252e-7,7.46825e-5,6.249690100709495e-7
m,1250,-2.5,0.00196442,1.5704205685618555e-6,0.0013417770500000004,1.326550211945689e-6
m,1250,-2,0.0036513864999999993,2.1415283039592127e-6,0.0025314127000000014,1.8186359432047483e-6
m,1250,-1.5,0.006306772749999997,2.8156676094560943e-6,0.00444099415,2.405689467512005e-6
m,1250,-1,0.009618244250000001,3.474436783800201e-6,0.006846583750000003,2.984059729787585e-6
m,1250,-0.5,0.012576608999999992,3.979005067776994e-6,0.009019536550000002,3.445612572287551e-6
m,1250,0,0.013781346500000001,4.149533651501154e-6,0.009911248000000004,3.605356476061134e-6
m,1300,-15,5.471833933500002e-6,3.036344520142164e-8,3.5215839554999995e-6,2.4748699057491043e-8
m,1300,-12.5,9.435000000000022e-6,2.188002375227229e-7,6.064999999999995e-6,1.77689661227799e-7
m,1300,-10,1.749500000000004e-5,2.974602676316621e-7,1.1430000000000028e-5,2.43722507872683e-7
m,1300,-7.5,3.8585e-5,4.4151800297326495e-7,2.4667500000000018e-5,3.563723761474786e-7
m,1300,-5,1.2026999999999993e-4,7.792508878762988e-7,7.925749999999997e-5,6.434925246382528e-7
m,1300,-2.5,0.00206143,1.606956353656303e-6,0.001411299350000001,1.3600618647849336e-6
m,1300,-2,0.0038084542500000005,2.184737227653869e-6,0.0026471025499999992,1.8603131607124067e-6
m,1300,-1.5,0.006546978499999998,2.8608826966936305e-6,0.004622738950000003,2.465829389805219e-6
m,1300,-1,0.009942214250000001,3.5153440864283836e-6,0.007095512299999999,3.052495805993755e-6
m,1300,-0.5,0.012971871750000004,4.010461150720859e-6,0.009327327499999993,3.4807051482013846e-6
m,1300,0,0.014198051249999996,4.226361145447811e-6,0.010237384250000004,3.68308528833202e-6
m,1332,-15,5.600998832000005e-6,3.072060740805843e-8,3.6251672560000003e-6,2.5111725174918734e-8
m,1332,-12.5,9.60500000000003e-6,2.2028231694464258e-7,6.159999999999995e-6,1.7902532960380204e-7
m,1332,-10,1.8270000000000033e-5,3.0430627678993085e-7,1.1890000000000028e-5,2.485111807892153e-7
m,1332,-7.5,3.975000000000002e-5,4.4807593388927966e-7,2.5555e-5,3.6272248042546243e-7
m,1332,-5,1.24795e-4,7.938067686156372e-7,8.233749999999996e-5,6.576011190074211e-7
m,1332,-2.5,0.0021243549999999996,3.264251539012159e-6,0.0014563924999999994,2.7677454980604467e-6
m,1332,-2,0.003914160000000002,4.4301732642158595e-6,0.002722649999999999,3.784522654350537e-6
m,1332,-1.5,0.006694094999999998,5.788269852864239e-6,0.004733359999999996,4.9885434176793145e-6
m,1332,-1,0.010138979999999999,7.140305919529989e-6,0.007247899999999996,6.160114543936088e-6
m,1332,-0.5,0.013204835000000002,8.148979655960863e-6,0.009515400000000002,7.053743673808104e-6
m,1332,0,0.014454509999999997,8.53436425501105e-6,0.010443205,7.413873249280272e-6
m,1350,-15,5.674666238499998e-6,3.093228491734034e-8,3.6668343594999985e-6,2.5254810800997086e-8
m,1350,-12.5,9.530000000000026e-6,2.1954788660164765e-7,6.204999999999995e-6,1.7938166014325418e-7
m,1350,-10,1.852000000000003e-5,3.065917156516953e-7,1.2120000000000026e-5,2.511000663425839e-7
m,1350,-7.5,3.9970000000000005e-5,4.4902708434987517e-7,2.5840000000000024e-5,3.6629115992847845e-7
m,1350,-5,1.2608999999999998e-4,7.98233815305077e-7,8.329749999999998e-5,6.612012632013511e-7
m,1350,-2.5,0.00215643,3.2885604974802807e-6,0.0014799975000000002,2.788680562716455e-6
m,1350,-2,0.003964205000000001,4.457241757121635e-6,0.002761062499999999,3.808015801402746e-6
m,1350,-1.5,0.0067711650000000035,5.826766696364781e-6,0.0047932274999999995,5.0291624915879066e-6
m,1350,-1,0.010246509999999995,7.158419880248869e-6,0.0073329049999999955,6.205466928477466e-6
m,1350,-0.5,0.013335519999999998,8.155722881108902e-6,0.009619854999999995,7.104805182609812e-6
m,1350,0,0.014599374999999998,8.537022556214957e-6,0.010558827499999998,7.465671415813341e-6
m,1400,-15,5.876499192000004e-6,3.1476666215452555e-8,3.8051641170000006e-6,2.5734940916269803e-8
m,1400,-12.5,9.770000000000025e-6,2.2215482058015304e-7,6.389999999999994e-6,1.820756795373834e-7
m,1400,-10,1.9655000000000035e-5,3.156373428956879e-7,1.2725000000000028e-5,2.576311203047879e-7
m,1400,-7.5,4.1534999999999995e-05,4.578799491760915e-7,2.6922500000000022e-5,3.7468779119029565e-7
m,1400,-5,1.3310499999999987e-4,8.191840105531843e-7,8.808000000000005e-5,6.795764190200577e-7
m,1400,-2.5,0.00224821,3.3568727286000883e-6,0.0015471650000000007,2.852364964561458e-6
m,1400,-2,0.004111545000000001,4.53714982282341e-6,0.0028705150000000014,3.882613641385708e-6
m,1400,-1.5,0.0069942649999999995,5.929044851441989e-6,0.004963625000000001,5.104268722081505e-6
m,1400,-1,0.010547365000000003,7.26783118005805e-6,0.007567759999999998,6.301558927378581e-6
m,1400,-0.5,0.01370059500000001,8.290413453234525e-6,0.009905190000000001,7.24372692675809e-6
m,1400,0,0.014988790000000007,8.68501539662527e-6,0.010862542499999997,7.553487048778144e-6
m,1450,-15,6.134999788500001e-6,3.21722092699043e-8,3.975333465000003e-6,2.6337530538255047e-8
m,1450,-12.5,1.0640000000000025e-5,2.3174494266380428e-7,6.834999999999991e-6,1.8781631108679023e-7
m,1450,-10,2.0415000000000044e-5,3.216538265255055e-7,1.3275000000000031e-5,2.650829302939933e-7
m,1450,-7.5,4.370500000000004e-5,4.69168839686738e-7,2.8287500000000034e-5,3.830730870422282e-7
m,1450,-5,1.4115999999999993e-4,8.441042363858269e-7,9.356749999999997e-5,7.007295231111378e-7
m,1450,-2.5,0.0023392949999999995,3.4276628430748945e-6,0.0016141399999999994,2.9127388744351296e-6
m,1450,-2,0.004254234999999999,4.619198451127128e-6,0.002978029999999998,3.960141457497627e-6
m,1450,-1.5,0.0072056499999999975,6.015124609667223e-6,0.005124507499999994,5.189799407990868e-6
m,1450,-1,0.010830639999999985,7.36943176809547e-6,0.007786607499999996,6.42098753760719e-6
m,1450,-0.5,0.014046740000000002,8.368853849368278e-6,0.010174289999999996,7.323462708817287e-6
m,1450,0,0.015357434999999994,8.750640148523678e-6,0.011152515000000005,7.688285116896643e-6
m,1500,-15,6.3738346379999995e-6,3.2795222584883895e-8,4.126416032499998e-6,2.6830012869450124e-8
m,1500,-12.5,1.1185000000000031e-5,2.3744334475301676e-7,7.209999999999991e-6,1.9429393057877527e-7
m,1500,-10,2.128500000000005e-5,3.2852320759689106e-7,1.3835000000000034e-5,2.6948525467639234e-7
m,1500,-7.5,4.493500000000001e-5,4.7591134295134207e-7,2.935750000000004e-5,3.9130117092760216e-7
m,1500,-5,1.4882499999999984e-4,8.66333340447544e-7,9.878750000000002e-5,7.195752271640452e-7
m,1500,-2.5,0.002427099999999999,3.4898130318095843e-6,0.001679549999999999,2.973596506324033e-6
m,1500,-2,0.004396865,4.6966018934395805e-6,0.0030841975000000014,4.027152771206578e-6
m,1500,-1.5,0.0074114900000000015,6.092133610048227e-6,0.005284097500000001,5.281639208178927e-6
m,1500,-1,0.011111775000000006,7.440440366521545e-6,0.008004579999999999,6.502440612003739e-6
m,1500,-0.5,0.01438459,8.492212914825942e-6,0.010440205000000003,7.4513329099180465e-6
m,1500,0,0.015713025000000002,8.880669254413347e-6,0.011433802499999996,7.759988757665144e-6
m,1550,-15,6.572169016500001e-6,3.32854689794954e-8,4.263167788000004e-6,2.7280808887131212e-8
m,1550,-12.5,1.1280000000000026e-5,2.3925981770765427e-7,7.254999999999995e-6,1.946102165933226e-7
m,1550,-10,2.151500000000003e-5,3.3050041750503136e-7,1.405500000000003e-5,2.7216025651121435e-7
m,1550,-7.5,4.499000000000003e-5,4.763182131868357e-7,2.9575000000000038e-5,3.93472008498381e-7
m,1550,-5,1.55555e-4,8.860622596769088e-7,1.0350750000000006e-4,7.399302170602394e-7
m,1550,-2.5,0.0025198449999999997,3.5550953246581874e-6,0.0017479524999999994,3.0371049370227967e-6
m,1550,-2,0.004531469999999998,4.770228790449783e-6,0.003182092500000003,4.093737751701737e-6
m,1550,-1.5,0.007616454999999999,6.168257336877228e-6,0.0054385875000000005,5.366698309562688e-6
m,1550,-1,0.011385105,7.558144294598461e-6,0.00821513499999999,6.573769787885531e-6
m,1550,-0.5,0.014715669999999995,8.612908980849747e-6,0.01070148499999999,7.518337869560937e-6
m,1550,0,0.016051145,9.001996335544676e-6,0.0117080925,7.891234731578599e-6
m,1600,-15,6.801167239500001e-6,3.3868262914283214e-8,4.4138341485e-6,2.7778421756530707e-8
m,1600,-12.5,1.1740000000000025e-5,2.4353170614316324e-7,7.617499999999993e-6,1.9919751108886861e-7
m,1600,-10,2.2860000000000032e-5,3.4029130314592223e-7,1.4885000000000028e-5,2.807676831314458e-7
m,1600,-7.5,4.710500000000001e-5,4.876925818592076e-7,3.0860000000000006e-5,4.014918808350926e-7
m,1600,-5,1.6204500000000007e-4,9.044816489083678e-7,1.0755999999999998e-4,7.536113172927741e-7
m,1600,-2.5,0.002600715000000001,3.6114261650577183e-6,0.0018069500000000003,3.0869180170865207e-6
m,1600,-2,0.004661924999999999,4.836524087405206e-6,0.0032829850000000004,4.164904016663851e-6
m,1600,-1.5,0.007800255000000004,6.260477885013171e-6,0.0055827049999999994,5.4355729966107175e-6
m,1600,-1,0.01163923999999999,7.610242325883353e-6,0.008417422499999995,6.682377314231114e-6
m,1600,-0.5,0.015019539999999998,8.660819432818944e-6,0.010948780000000002,7.638370806386656e-6
m,1600,0,0.016386690000000002,9.048262723635223e-6,0.011982362500000012,7.946463412849364e-6
m,1650,-15,6.9799997249999964e-6,3.4290551792268626e-8,4.5525834955000054e-6,2.8224131968681315e-8
m,1650,-12.5,1.2350000000000038e-5,2.4949831951838903e-7,8.115000000000025e-6,2.056010014913593e-7
m,1650,-10,2.3330000000000032e-5,3.432796800001423e-7,1.5020000000000034e-5,2.815912505219224e-7
m,1650,-7.5,4.922500000000002e-5,4.983791253350705e-7,3.2195000000000006e-5,4.1029785774270143e-7
m,1650,-5,1.6904999999999996e-4,9.239346034498326e-7,1.1261749999999998e-4,7.709822174069989e-7
m,1650,-2.5,0.0026907750000000007,3.671968311953788e-6,0.0018738274999999995,3.1467637238558276e-6
m,1650,-2,0.004793565000000001,4.904826971824517e-6,0.0033829,4.23239316291285e-6
m,1650,-1.5,0.007989599999999996,6.32211803843261e-6,0.005728835000000008,5.5034648042610705e-6
m,1650,-1,0.011886604999999996,7.715852618097076e-6,0.008608897499999995,6.73963673638459e-6
m,1650,-0.5,0.015321825000000002,8.773508390338256e-6,0.01118601000000001,7.687613021434761e-6
m,1650,0,0.016714724999999993,9.164956480227609e-6,0.012242142500000006,8.068058299190041e-6
m,1700,-15,7.292001644999996e-6,3.505190682825707e-8,4.746416222000005e-6,2.882456148181849e-8
m,1700,-12.5,1.2590000000000037e-5,2.5209861315862115e-7,8.215000000000027e-6,2.0754860691534396e-7
m,1700,-10,2.379500000000002e-5,3.468751459239333e-7,1.5460000000000035e-5,2.846957208191756e-7
m,1700,-7.5,5.0525000000000035e-5,5.050436209482307e-7,3.318500000000004e-5,4.1822996156420946e-7
m,1700,-5,1.76185e-4,9.431275603917531e-7,1.1787e-4,7.900218464809218e-7
m,1700,-2.5,0.00276651,3.7266616817250116e-6,0.0019294024999999993,3.197229422188901e-6
m,1700,-2,0.004917144999999999,4.9644832753987095e-6,0.003476424999999999,4.293068735356723e-6
m,1700,-1.5,0.008171330000000003,6.411435263956135e-6,0.005872145000000007,5.57977418811195e-6
m,1700,-1,0.01212664500000001,7.816092584107613e-6,0.008805055000000003,6.841020724608497e-6
m,1700,-0.5,0.015617114999999999,8.807526001892601e-6,0.0114265725,7.802061431029577e-6
m,1700,0,0.017028429999999987,9.277320166118716e-6,0.012495687499999995,8.184474022691474e-6
m,1750,-15,7.510833919999997e-6,3.556600141125003e-8,4.9006658655000015e-6,2.930994582760538e-8
m,1750,-12.5,1.3000000000000038e-5,2.561233552045773e-7,8.617500000000046e-6,2.1379063546332513e-7
m,1750,-10,2.3870000000000017e-5,3.483352396058286e-7,1.5655000000000025e-5,2.8796430587617966e-7
m,1750,-7.5,5.298000000000006e-5,5.169430204265748e-7,3.486e-5,4.30063248207749e-7
m,1750,-5,1.8309000000000006e-4,9.611694429832597e-7,1.2274250000000002e-4,8.064355916803353e-7
m,1750,-2.5,0.0028495299999999986,3.7792980649033553e-6,0.0019914724999999995,3.2477853122605034e-6
m,1750,-2,0.005042020000000002,5.0243243180837e-6,0.003571862499999999,4.353926431422145e-6
m,1750,-1.5,0.008350235000000003,6.46517718234661e-6,0.006011442500000003,5.653372268972136e-6
m,1750,-1,0.012360875000000004,7.853991222647504e-6,0.008993054000000002,6.8936048941022976e-6
m,1750,-0.5,0.015905,8.912766867864953e-6,0.011654555000000004,7.840952381273626e-6
m,1750,0,0.017334680000000005,9.295611366652897e-6,0.012738199999999998,8.213563991810679e-6
m,1800,-15,7.711666478e-6,3.60525719651292e-8,5.036001273500005e-6,2.9738418609190522e-08
m,1800,-12.5,1.3400000000000053e-5,2.5999406490437465e-07,8.722500000000042e-6,2.149034559011324e-7
m,1800,-10,2.4955000000000035e-5,3.5569755434252007e-7,1.6312500000000037e-5,2.9569612285387263e-7
m,1800,-7.5,5.476499999999995e-5,5.261259781342773e-7,3.6050000000000056e-5,4.3503258044455724e-7
m,1800,-5,1.9041999999999998e-4,9.80170938956568e-7,1.2788249999999996e-4,8.236513015346286e-7
m,1800,-2.5,0.0029289200000000002,3.833496388765092e-6,0.0020498925000000004,3.2964697914312917e-6
m,1800,-2,0.005169949999999996,5.090444772466546e-6,0.0036681400000000003,4.415208419590489e-6
m,1800,-1.5,0.008536669999999996,6.554183841362613e-6,0.006153470000000006,5.712082260350336e-6
m,1800,-1,0.012594705000000005,7.948875523154974e-6,0.009176133999999999,6.990259957560208e-6
m,1800,-0.5,0.016174195000000002,9.009915675952606e-6,0.011870195000000005,7.941047958621538e-6
m,1800,0,0.017627095000000006,9.39807700419111e-6,0.012974267500000001,8.321633792148423e-6
m,1850,-15,7.9335007765e-6,3.6559899825921864e-8,5.1765836215000056e-6,3.015952976583002e-8
m,1850,-12.5,1.3540000000000048e-5,2.617198429652405e-7,8.867500000000045e-6,2.1657943102776963e-7
m,1850,-10,2.588000000000004e-5,3.624032521946377e-7,1.684250000000004e-5,3.0055631386407864e-7
m,1850,-7.5,5.6325e-5,5.337098140190511e-7,3.7125e-5,4.4210180276690823e-7
m,1850,-5,1.966149999999999e-4,9.955937352032704e-7,1.3274999999999992e-4,8.410582842782806e-7
m,1850,-2.5,0.0030018,3.878021568593191e-6,0.0021042775000000005,3.3430792181594163e-6
m,1850,-2,0.005282439999999999,5.148603719427287e-6,0.003753475,4.464484049692563e-6
m,1850,-1.5,0.008704265000000003,6.597094143863511e-6,0.006281555,5.7911269355462985e-6
m,1850,-1,0.012820009999999995,8.038915721989439e-6,0.009352484000000003,7.082017887117671e-6
m,1850,-0.5,0.016438534999999994,9.100406477986547e-6,0.01207968,8.043067777938427e-6
m,1850,0,0.01790285500000001,9.495778044588395e-6,0.013193434999999991,8.425582368569289e-6
m,1900,-15,8.206998231500014e-6,3.7166151751288395e-8,5.365250164999997e-6,3.068614813203784e-8
m,1900,-12.5,1.373500000000004e-5,2.641460787315422e-7,9.135000000000052e-6,2.2039357875400984e-7
m,1900,-10,2.7205000000000062e-5,3.7163465451569536e-7,1.7550000000000044e-5,3.0528452123183374e-7
m,1900,-7.5,5.8255e-5,5.433095622904593e-7,3.843500000000003e-5,4.5075386660099765e-7
m,1900,-5,2.0195999999999992e-4,1.0096629837424709e-6,1.3643249999999998e-4,8.513086425049893e-7
m,1900,-2.5,0.003074395,3.9241152181421425e-6,0.0021607074999999997,3.3885223016474484e-6
m,1900,-2,0.005396455000000003,5.195868075634475e-6,0.0038411150000000004,4.51769563226949e-6
m,1900,-1.5,0.008864460000000005,6.674952708752216e-6,0.006409804999999993,5.838281149177739e-6
m,1900,-1,0.013033504999999997,8.062420330118713e-6,0.009520683500000002,7.115264569244225e-6
m,1900,-0.5,0.016690740000000003,9.10864856370977e-6,0.012282520000000009,8.137185472392058e-6
m,1900,0,0.01816049,9.491598656151184e-6,0.013403052499999995,8.431261063799431e-6
m,1950,-15,8.361000240000006e-6,3.752083163869553e-8,5.472499307000001e-6,3.1039774380070704e-8
m,1950,-12.5,1.4130000000000036e-5,2.679654885428347e-7,9.315000000000049e-6,2.219815096342484e-7
m,1950,-10,2.8020000000000047e-5,3.767422022763047e-7,1.8310000000000043e-5,3.119121400827482e-7
m,1950,-7.5,5.896499999999997e-5,5.457970344471012e-7,3.913000000000004e-5,4.5575369310544246e-7
m,1950,-5,2.0952499999999985e-4,1.0280172369866907e-6,1.4195250000000002e-4,8.698953985450643e-7
m,1950,-2.5,0.0031363650000000003,3.967705785211526e-6,0.0022096349999999993,3.4274029500364405e-6
m,1950,-2,0.005499585000000001,5.256327694008433e-6,0.003919835,4.562481808097404e-6
m,1950,-1.5,0.009018845,6.703749516730338e-6,0.006530764999999993,5.9140546430550925e-6
m,1950,-1,0.013236890000000001,8.145146952485432e-6,0.009681869999999995,7.198928578177259e-6
m,1950,-0.5,0.01692742,9.192874151608994e-6,0.0124733875,8.150515396160606e-6
m,1950,0,0.018410779999999995,9.570752196664949e-6,0.01360641250000001,8.52207665506464e-6
m,2000,-15,8.574667464999993e-6,3.8012837187144745e-8,5.6269174235000015e-6,3.1478821562926966e-8
m,2000,-12.5,1.4470000000000048e-5,2.706558561845652e-7,9.520000000000053e-6,2.2605629238809064e-7
m,2000,-10,2.8295000000000064e-5,3.7824700361965894e-7,1.853000000000003e-5,3.1279785200549257e-7
m,2000,-7.5,6.0385000000000026e-5,5.520948362290213e-7,4.0049999999999984e-5,4.6010700633004946e-7
m,2000,-5,2.16625e-4,1.0453348879659324e-6,1.4709499999999995e-4,8.887700680835566e-7
m,2000,-2.5,0.003205030000000001,4.0097036709905075e-6,0.0022601299999999978,3.4669842716029776e-6
m,2000,-2,0.005594704999999995,5.294753474605073e-6,0.0039957375000000015,4.619838141288157e-6
m,2000,-1.5,0.009161480000000003,6.774586732922128e-6,0.006643519999999998,5.949299887235325e-6
m,2000,-1,0.013429494999999993,8.21960397619186e-6,0.009835895,7.282512479668162e-6
m,2000,-0.5,0.017158594999999992,9.279458705176621e-6,0.012658034999999996,8.2368005583206e-6
m,2000,0,0.01865463,9.65557159407273e-6,0.013805137500000002,8.615403164459272e-6
